#{"t_start": 1769358938.4865208, "env_id": "CustomWalker2d-source-v0"}
r,l,t
-3.341053,8,5.855175
-12.510346,19,5.913002
17.682707,34,6.018355
-3.932556,11,6.067855
-2.974474,13,6.108795
-7.678016,21,6.172946
-5.473812,12,6.210236
-4.062642,16,6.26246
6.900281,17,6.314365
-5.798543,9,6.342045
-16.966162,17,6.395057
10.073192,32,6.494845
3.625209,27,6.575217
1.295787,22,6.64227
-3.685829,9,6.669023
-4.169569,11,6.703056
12.434618,44,6.831687
-0.860845,14,6.874383
-4.651835,16,6.921731
6.644595,19,6.978724
0.472477,14,7.020919
1.29986,18,7.084459
7.783265,32,7.184911
-4.170283,8,7.210097
-9.863098,21,7.277017
-0.631797,15,7.320559
-4.934568,21,7.38142
0.889492,28,7.466126
-5.473436,12,7.502366
0.006822,24,7.574273
-1.987542,16,7.622962
33.563031,54,7.786816
2.239651,14,7.828553
-6.541473,9,7.855278
-9.290255,19,7.913013
-4.791169,17,7.963389
-2.730634,12,7.999696
-2.505825,12,8.03779
0.995847,22,8.106132
-1.536784,15,8.164073
-1.085427,12,8.19951
1.934058,26,8.283955
21.66473,45,8.420921
-4.720468,9,8.448999
-5.017417,11,8.497665
-4.434484,17,8.554907
-13.038656,13,8.594103
-1.696159,28,8.679993
0.563937,15,8.724946
-4.240917,16,8.772324
-6.077949,20,8.83156
-1.829402,21,8.894075
-1.096064,13,8.932473
3.383969,24,9.004994
-2.839551,9,9.031487
1.017306,24,9.104065
-1.66129,11,9.140828
2.532559,30,9.252227
-6.417059,12,9.295742
0.77983,12,9.354618
3.460707,13,9.411907
1.904559,16,9.461945
8.802478,27,9.542279
3.651668,16,9.600534
-0.364994,21,9.666091
-3.547215,12,9.707286
7.142197,41,9.830517
-1.643454,24,9.90325
1.945938,16,9.950952
-4.698397,30,10.042669
-0.575502,23,10.113867
2.935524,13,10.153848
-3.318666,21,10.234099
-6.761237,11,10.266898
-3.966685,11,10.300892
-0.342021,19,10.357341
-2.237566,11,10.390054
-0.984883,16,10.440603
-4.625139,12,10.476204
-8.167077,16,10.523807
3.509326,20,10.583556
-5.838312,14,10.62605
-2.248581,16,10.674382
-0.404822,24,10.745633
-3.099102,15,10.79021
2.918917,12,10.824924
-0.294473,31,10.921567
-11.590723,16,10.96853
-2.665896,12,11.004397
-4.994253,17,11.056392
5.60565,24,11.129059
-1.433552,16,11.176584
17.539546,36,11.307979
-0.662759,25,11.381564
0.53822,21,11.486866
-6.306201,24,11.60402
-0.626956,29,11.741369
3.400516,15,11.808815
2.026931,13,11.872551
3.990682,17,11.950891
-3.260483,12,12.006534
-6.564582,20,12.10153
-3.5507,30,12.243969
-1.708358,18,12.348565
-4.795782,13,12.409908
-3.732092,10,12.455212
-6.999698,24,12.562821
-4.053566,9,12.602216
18.73258,28,30.768179
17.36627,32,30.867392
-2.499039,15,30.913059
-1.621821,8,30.937551
2.846563,27,31.018425
-1.396351,11,31.052781
1.170852,19,31.112436
10.916388,33,31.238008
13.773627,40,31.365222
-0.560234,19,31.423615
1.466124,14,31.465286
-1.1915,10,31.49667
-4.297505,15,31.541412
0.269919,13,31.580619
1.83319,25,31.656699
1.459484,16,31.706799
40.215032,58,31.884236
28.967822,68,32.090014
-1.871571,8,32.115868
0.285308,13,32.157213
-4.071947,14,32.201
-7.206506,12,32.258255
1.129017,21,32.324682
2.214025,21,32.387614
-2.618167,10,32.419624
1.523204,16,32.468869
-2.87068,13,32.508943
4.86784,18,32.562391
4.402384,21,32.626045
2.019218,23,32.69601
-2.342524,8,32.72061
4.660966,19,32.779191
-2.060828,18,32.832828
12.875619,26,32.911641
-2.315452,23,32.980652
-2.301446,20,33.041907
-7.840172,18,33.095494
-0.801374,13,33.136609
-1.540151,9,33.164677
-4.991896,11,33.197106
12.658242,48,33.363914
-3.523557,18,33.417234
4.145113,32,33.51455
4.667325,40,33.633813
8.806523,34,33.741422
9.091351,35,33.84651
-6.396457,10,33.876467
-1.189485,23,33.947428
0.693033,19,34.003773
5.981566,37,34.123445
2.479396,15,34.173778
3.880913,20,34.236523
1.191914,17,34.290388
12.31352,41,34.438075
5.934266,19,34.497863
12.253247,33,34.598653
-1.751625,10,34.631063
15.209471,28,34.71689
25.237151,45,34.85319
-2.342117,20,34.913402
11.820117,41,35.036566
2.279482,16,35.083986
5.686012,28,35.170124
17.969234,36,35.283274
-3.424804,10,35.315401
2.002438,17,35.383449
2.745461,47,35.537131
-2.146502,13,35.577863
-4.57635,37,35.692235
18.20436,26,35.774609
-0.200148,17,35.825631
11.762763,32,35.923969
-3.341288,15,35.96941
-1.881086,20,36.030996
0.84459,11,36.06516
-1.939384,25,36.141677
3.855951,19,36.201672
-0.925251,17,36.259928
-2.897778,10,36.300067
6.588146,40,36.526874
12.861119,35,36.693103
6.574938,35,36.856612
-4.906864,8,36.894091
-1.187467,12,36.950884
2.626903,31,37.096895
1.849612,28,37.241156
1.470888,16,37.320747
-1.233354,17,37.397323
0.118347,10,37.447454
-2.820617,9,37.493608
16.587025,38,37.667556
19.498858,39,55.880183
9.715771,34,55.990487
26.636734,62,56.180727
0.556512,30,56.280324
2.983343,32,56.451632
-0.961258,17,56.541518
17.560053,61,56.729644
13.338411,29,56.819452
5.259852,48,56.96338
2.593891,15,57.00985
-4.054684,18,57.06382
34.047567,46,57.202075
16.854907,40,57.333735
8.627354,21,57.399399
37.554502,64,57.617833
15.175388,35,57.727472
-3.754095,9,57.754658
16.553468,40,57.876994
18.27387,47,58.019686
2.485499,55,58.187758
10.960497,24,58.266874
-0.224531,10,58.299417
0.706754,14,58.342368
8.567728,46,58.486414
5.455133,27,58.583967
22.389496,38,58.700017
1.358838,14,58.744489
18.362393,59,58.922949
4.047509,30,59.013749
13.203506,29,59.101741
-0.170947,14,59.143108
10.595443,31,59.240413
0.058854,12,59.2776
15.468568,33,59.387432
5.531908,22,59.457727
4.248422,19,59.51676
2.508356,14,59.575677
6.341359,18,59.634334
-0.251567,17,59.687027
0.798444,11,59.720771
-4.984887,12,59.757776
4.496039,28,59.842562
2.584632,14,59.886313
19.756081,104,60.19764
7.422461,22,60.269398
6.771887,50,60.439683
31.885831,47,60.888838
7.8865,42,61.015887
17.479539,61,61.203882
5.195162,19,61.276133
12.04156,27,61.765104
16.566392,99,62.325025
1.139715,13,62.447121
6.26812,23,63.000006
6.761177,34,63.173029
8.304723,50,63.41855
1.668252,17,63.509795
8.05281,21,63.609892
20.277559,36,63.793738
2.963846,19,63.909861
-1.394611,11,63.950673
2.485043,35,64.056554
5.010468,23,64.126925
22.939491,44,82.103688
14.149662,30,82.192932
8.696124,24,82.269781
40.436834,52,82.428023
92.39008,145,82.890205
49.127972,74,83.112985
0.130542,15,83.157872
88.036399,131,83.567678
53.312587,55,83.736591
35.580585,96,84.050308
1.617098,13,84.090149
7.704461,55,84.266726
26.687206,125,84.672175
171.59112,92,84.979039
20.843863,48,85.126346
51.059512,56,85.301605
38.351208,48,85.458404
27.111528,59,85.646726
42.102706,69,85.880498
5.802298,15,85.926413
20.043479,32,86.026841
21.883003,61,86.218706
5.677689,46,86.395751
74.807876,91,86.847517
-4.383865,15,86.93028
37.483504,61,87.226648
53.925527,105,87.711631
233.214736,153,88.472914
28.696662,59,88.775645
244.753155,213,107.061131
46.421894,66,107.266323
31.646597,72,107.491649
254.201,199,108.117206
29.386089,57,108.292795
232.686897,143,108.738604
45.351872,100,109.062829
18.430513,36,109.17194
8.748911,38,109.291429
25.716899,56,109.46635
53.789339,64,109.664766
26.073796,68,109.870669
70.634857,114,110.230138
34.30671,48,110.381144
47.55274,93,110.684268
105.542957,189,111.297468
5.956902,46,111.533405
32.04381,49,111.769601
29.815293,50,112.005547
33.289634,48,112.236932
30.460482,60,112.514042
11.676675,60,112.784478
338.303771,325,114.191414
15.937296,45,114.361975
225.220331,208,132.632319
109.881303,185,133.221104
254.363029,155,133.71636
355.952489,277,134.585566
106.284159,145,135.049478
39.766276,83,135.319117
253.863422,201,135.961779
20.408736,70,136.191453
79.179692,100,136.595047
107.728806,181,137.460159
176.868202,106,137.939616
25.32817,96,138.433208
182.83149,104,138.902197
176.603853,101,139.199661
29.130968,39,139.321202
241.28838,134,157.698319
327.076062,223,158.402163
319.799613,188,158.978411
83.113436,86,159.257339
233.442882,126,159.647708
40.522177,68,159.88401
79.711305,224,160.607724
16.951603,32,160.70507
285.1291,347,162.141841
294.783598,188,163.066059
247.695943,132,163.750038
331.735955,170,164.280383
67.394352,97,164.593309
293.687891,201,183.351139
276.053961,140,183.8013
88.25357,85,184.071705
351.055737,168,184.627078
182.140332,116,184.991088
238.062815,143,185.474565
245.789663,136,185.940874
338.326619,203,186.842347
288.800239,195,187.777316
276.912597,171,188.67094
104.421855,167,189.209245
260.657623,184,189.789399
282.730313,162,190.320352
321.458015,235,208.951231
77.837497,104,209.291498
252.523706,219,209.962817
38.537837,43,210.094759
26.735793,68,210.317533
158.414104,111,210.661761
262.29811,140,211.088914
310.743276,168,211.91125
307.041442,186,212.810954
434.723304,306,214.11017
62.805194,119,214.508075
252.220125,132,214.916987
282.26472,155,215.416188
564.233226,395,234.493845
331.993831,220,235.195424
302.141338,214,235.912172
318.008223,260,237.127199
312.280461,167,237.934547
263.46615,154,238.708252
303.060724,222,239.392749
378.503267,310,240.373671
371.953138,193,258.781086
342.738198,191,259.394672
409.078565,265,260.239324
263.442501,144,260.727595
212.582026,128,261.12919
305.663217,157,261.949942
331.026367,203,262.97079
304.377254,151,263.717211
263.922217,165,264.244263
-1.557713,9,264.273161
171.647994,107,264.637491
289.126377,143,265.086484
352.712758,190,265.726798
2.808176,22,265.796789
263.221079,178,284.301273
343.662217,185,284.895869
193.706726,270,285.762666
323.791826,181,286.514034
286.392655,145,287.208682
51.897885,67,287.541314
432.140582,309,288.930842
139.166068,82,289.18343
288.813077,155,289.679359
417.858097,356,290.820801
433.940798,293,309.251643
4.726469,14,309.294805
229.223875,127,309.710916
314.404022,177,310.261255
299.952882,138,310.746372
102.632325,77,311.013015
275.701626,126,311.664643
209.633897,134,312.317003
211.264843,112,312.899853
274.613177,133,313.552045
265.70627,155,314.060722
261.538505,144,314.511817
237.802513,147,314.993407
217.206465,105,315.323075
215.845477,119,315.718394
245.831383,155,316.196326
217.660928,104,316.522799
326.95203,189,334.704092
305.111595,150,335.155286
544.334431,362,336.554224
291.003495,147,337.251009
280.641132,145,337.972313
221.533833,111,338.502363
212.654613,121,338.901129
308.262552,143,339.333032
256.500138,113,339.700126
202.421643,119,340.059782
379.626007,202,340.720382
201.93678,99,341.027969
335.669476,162,341.519713
272.290311,133,359.512518
276.258794,137,359.936037
4.666791,21,359.999401
258.169411,147,360.484284
268.908086,129,360.947067
357.766976,185,361.849687
262.323113,154,362.610156
250.048539,123,363.241641
395.488039,219,363.94215
281.920391,156,364.426299
339.845719,189,365.031765
294.134052,156,365.529979
300.368606,150,366.004817
281.019453,157,366.497998
290.753659,134,384.706065
225.789761,124,385.08966
266.657683,138,385.5673
356.664827,208,386.549418
445.820243,229,387.674824
219.634701,107,388.206649
196.332237,105,388.533198
242.357967,148,389.003974
283.652554,156,389.520222
75.336633,81,389.789747
253.416407,121,390.170602
386.353043,163,390.698744
358.918251,175,391.226099
372.977464,199,391.847882
192.949366,101,409.560275
249.281268,113,409.935405
274.038318,142,410.395164
341.382134,167,411.153474
307.181209,152,411.899992
419.155727,197,412.897637
283.084543,129,413.371788
339.14516,143,413.853421
395.132901,209,414.509563
319.285485,141,414.95747
384.760204,177,415.512658
351.570456,157,416.021473
260.378778,129,416.418138
421.379261,210,435.125151
372.895405,161,435.776467
332.545918,144,436.49201
173.175357,86,436.905473
420.682474,188,437.889648
328.551414,144,438.373611
315.965014,144,438.855513
327.739612,147,439.343473
282.546287,130,439.796637
277.934739,123,440.192227
379.088691,159,440.766409
334.742454,159,441.282507
277.609325,146,441.741107
295.374851,145,442.204262
443.107472,237,461.867523
256.620369,109,462.402816
295.971728,142,463.112004
372.145156,146,463.579655
393.7355,203,464.248984
245.77109,147,464.715522
262.711786,118,465.117588
281.587211,122,465.505042
315.802145,139,465.958226
355.139709,145,466.422458
308.031217,127,466.837881
271.468617,127,467.23783
400.751877,179,467.797526
298.460637,147,468.286596
320.579522,142,487.69393
369.442768,146,488.244601
416.594951,210,488.919869
309.650706,131,489.345231
330.659424,192,489.961531
363.373215,157,490.470702
421.408793,179,491.078108
431.022947,184,491.66604
342.222316,134,492.114989
293.050631,127,492.520482
393.854979,146,492.988866
418.184649,190,493.580687
302.048942,121,493.952202
346.36453,147,513.666521
416.140038,182,514.27402
263.347064,116,514.654028
342.094415,153,515.163606
188.079485,87,515.459969
434.691425,168,516.038068
344.652065,154,516.533257
340.667094,163,517.070158
275.865006,133,517.514659
113.574587,95,517.818237
392.959226,153,518.331611
394.954497,203,518.981521
383.161751,165,519.522079
420.999156,177,539.066665
394.576661,161,539.585781
385.020492,156,540.093406
388.816003,152,540.60401
385.376271,152,541.174314
415.573542,175,541.742983
384.729679,156,542.267028
444.694201,158,542.789091
524.312873,177,543.371468
391.990039,169,543.923929
389.427268,153,544.449251
409.293695,160,544.947803
387.465703,154,545.454699
296.836399,125,565.091791
391.888685,164,565.631901
431.0133,145,566.112262
445.821336,178,566.710398
235.666533,109,567.09273
471.04642,178,567.689274
450.475922,168,568.27115
372.915375,148,568.769294
446.287946,167,569.349007
409.122395,146,569.848048
541.429302,217,570.583627
458.852967,164,571.139898
395.530644,154,571.648504
451.423784,167,591.868432
445.874594,183,592.482186
406.099135,159,593.003785
428.501769,145,593.496083
406.905394,141,593.966055
320.852783,164,594.542888
427.400556,167,595.113734
468.345945,185,595.746274
439.681127,156,596.284523
416.822352,146,596.786436
402.428611,168,597.558616
396.229514,147,598.321613
332.067195,129,598.997974
489.777217,179,618.06461
431.054841,161,618.590427
463.916817,162,619.099377
479.404564,171,619.671731
387.172652,152,620.144811
404.632924,150,620.643451
418.151991,150,621.121477
395.77068,158,621.652813
461.590972,174,622.373746
452.301717,157,623.153568
417.000902,149,623.935472
340.065306,136,624.603823
590.631474,222,643.739917
549.912411,168,644.29726
513.278398,172,644.871405
465.458069,174,645.456703
421.605166,151,645.942898
409.259678,142,646.407789
396.090972,133,646.831642
358.558792,152,647.63532
492.45697,163,648.42744
551.725595,212,649.473164
380.594366,142,649.968594
383.774966,145,650.43963
485.767709,161,650.965781
477.016885,173,669.764215
592.900758,213,670.475538
481.153754,165,671.010877
522.250391,186,671.649539
501.812093,185,672.532894
451.500175,187,673.500184
395.994635,139,674.236427
447.814982,150,674.738876
374.949969,140,675.188718
467.069436,172,675.768988
478.695777,176,676.343986
180.068332,84,676.623327
412.071567,139,677.06614
359.172004,132,695.773721
368.778544,128,696.19386
360.875005,129,696.620493
393.944011,141,697.344933
516.185665,166,698.153383
184.144257,81,698.57728
456.761058,167,699.348348
567.525138,183,699.936842
475.827998,178,700.532369
573.011146,191,701.175785
419.044344,145,701.667897
375.602856,132,702.085476
367.818705,129,702.481759
554.357057,199,703.117171
554.80135,164,721.930499
545.615116,164,722.754414
550.575184,160,723.571023
408.920599,162,724.299187
291.268205,115,724.669931
459.635133,159,725.15606
442.824548,154,725.66779
557.579742,175,726.213026
578.194108,187,726.81577
635.527982,199,727.448732
521.711861,171,727.996527
501.486465,159,728.496461
426.882771,145,747.15627
364.831141,131,747.790582
416.2196,160,748.629283
475.258485,151,749.244014
478.789307,158,749.79586
443.463733,145,750.249661
73.700894,77,750.486272
422.325908,154,750.976808
437.899598,146,751.448463
518.644495,168,752.010192
486.037915,161,752.517258
431.000365,143,752.976882
505.333102,159,753.48338
263.680053,116,753.857249
389.312784,149,772.425539
442.059046,152,773.172038
415.722959,140,773.912953
496.369727,160,774.418111
444.550216,151,774.912402
136.679762,68,775.126198
617.348925,222,775.847415
501.116143,167,776.37355
439.776665,137,776.81984
299.919026,111,777.160702
491.638857,165,777.672629
532.231038,163,778.198102
349.962847,124,778.598024
498.281975,175,779.180365
446.240637,144,798.176646
501.565864,158,798.912114
537.149617,170,799.452319
446.737864,143,799.92515
159.150311,81,800.178736
417.640902,137,800.627698
467.342617,152,801.116356
522.983125,162,801.614479
503.594585,155,802.11192
334.200424,111,802.461021
194.413371,85,802.725804
534.055484,149,803.207415
408.347959,153,803.692713
528.592505,166,804.258763
412.316843,131,804.688274
593.612027,171,823.84913
431.502812,139,824.317771
564.786091,181,824.895697
505.900234,154,825.365626
575.918411,168,825.891854
406.667012,146,826.346616
414.404286,147,826.792083
730.852807,234,827.527636
488.641743,157,828.020627
557.587423,169,828.540127
406.176809,138,828.969335
568.26969,160,829.456592
575.187354,166,848.279487
503.516181,153,848.794497
512.245766,151,849.259107
486.940008,156,849.750668
487.036144,148,850.207079
398.853687,125,850.589531
405.996905,141,851.031237
475.460034,149,851.483871
315.265621,108,851.824539
471.162901,172,852.381932
643.473451,195,852.981312
378.192712,122,853.355854
498.297371,148,853.797222
460.193933,154,854.287367
559.063399,168,873.285631
436.440303,146,873.73111
525.299604,170,874.254708
552.455587,156,874.783046
520.849715,153,875.276568
535.952358,155,875.771246
484.957388,150,876.243724
544.259916,163,876.741072
502.154669,166,877.260004
593.408701,175,877.786795
439.95484,149,878.253211
354.563024,157,878.730157
585.596841,159,879.229603
517.926505,153,898.135282
349.730299,126,898.521718
376.832727,127,898.921924
442.534693,138,899.345548
438.48496,155,899.834608
577.418779,173,900.360132
444.344375,142,900.804998
470.649712,139,901.222099
454.052057,142,901.671997
447.97081,142,902.115601
562.647655,168,902.647219
450.22241,154,903.163962
635.173576,190,903.749843
481.375865,153,904.229895
448.414601,146,923.289826
518.56046,150,923.750009
487.140464,156,924.244884
433.314863,147,924.69445
670.035382,175,925.255755
572.62322,164,925.77773
437.358377,140,926.247283
614.073476,177,926.813429
418.452445,142,927.281854
509.853883,155,927.770109
451.975241,142,928.218983
522.038308,164,928.719183
486.200994,148,929.177058
420.250883,140,948.096875
373.069303,126,948.48529
431.328352,136,948.904297
616.553717,183,949.491096
527.489061,159,949.9996
527.708897,148,950.452556
417.278644,134,950.864258
461.869784,142,951.324916
531.594125,154,951.796808
466.146975,138,952.233253
388.027029,124,952.614427
574.092273,175,953.16303
557.251152,163,953.663799
448.221873,148,954.130807
500.893319,150,973.244437
529.803243,150,973.701434
528.970714,156,974.186881
417.638743,130,974.596512
481.39568,145,975.064918
518.550053,150,975.53923
577.629778,165,976.071139
399.207024,126,976.464211
458.276747,140,976.905681
436.873873,141,977.369608
472.548264,142,977.807871
611.743669,161,978.321687
602.750658,173,978.859598
470.779439,144,979.327378
488.284667,139,998.571124
318.323098,107,998.893856
517.841536,154,999.394497
459.35791,137,999.82591
605.403906,162,1000.385386
476.784469,155,1000.878873
331.299395,114,1001.254144
503.743669,139,1001.70116
326.418344,117,1002.072625
342.261681,109,1002.421238
607.399159,176,1003.004761
475.189388,137,1003.443455
399.510762,127,1003.845495
576.264421,167,1004.392817
570.049152,165,1023.857849
466.231313,141,1024.317009
461.819247,137,1024.738095
608.398048,170,1025.280468
536.684091,148,1025.745211
391.15847,123,1026.134827
522.037509,144,1026.584586
458.473497,132,1026.987049
495.759972,146,1027.454144
583.137488,161,1027.945686
554.808799,152,1028.435644
557.531665,165,1028.944499
504.387652,156,1029.446691
609.043243,170,1029.951033
535.384174,149,1048.858145
474.551524,143,1049.309986
555.093431,159,1049.802268
459.200108,145,1050.246293
439.620401,132,1050.641155
527.887658,150,1051.108948
469.378873,136,1051.55127
583.442234,173,1052.08388
427.741637,129,1052.485654
614.062104,164,1052.975951
565.414792,152,1053.449897
480.517395,139,1053.865674
564.751213,160,1054.369133
376.14216,114,1054.707433
397.456013,120,1073.497367
592.918369,168,1073.999867
337.10647,105,1074.333564
576.945763,165,1074.827756
371.57503,115,1075.1837
466.561034,149,1075.641048
527.818224,148,1076.092063
608.8999,172,1076.620838
592.06904,156,1077.085728
595.871382,171,1077.611529
509.752938,149,1078.05737
580.664437,168,1078.579745
475.326138,139,1078.998965
625.959354,169,1079.528044
364.861332,116,1098.439941
493.669055,135,1098.843832
613.344014,176,1099.394768
627.610914,180,1099.944934
313.673824,100,1100.25825
241.303497,90,1100.536725
621.601086,174,1101.077807
560.727718,160,1101.577053
587.856115,159,1102.069191
465.019291,143,1102.535961
337.949324,105,1102.855831
168.716683,61,1103.039861
607.111332,202,1103.685704
479.341067,141,1104.115183
403.515037,118,1122.795968
557.186206,164,1123.325065
559.362583,153,1123.783846
573.770226,159,1124.285561
475.732104,145,1124.721705
278.548324,92,1125.000019
560.909523,166,1125.525762
589.324409,167,1126.036121
503.072167,141,1126.483418
608.214464,179,1127.031418
632.20386,178,1127.59578
542.822823,148,1128.044026
570.751993,158,1128.540864
639.654429,169,1129.049424
558.624471,164,1147.910902
548.471887,152,1148.387785
557.876288,165,1148.886782
593.949005,173,1149.419453
464.260368,134,1149.826715
474.997099,137,1150.244551
581.832094,153,1150.717895
536.708576,157,1151.191155
536.345599,163,1151.703527
387.420983,126,1152.084225
596.604933,161,1152.583667
393.886619,122,1152.951967
601.91102,181,1153.543037
596.031813,165,1172.415545
567.660242,161,1172.899882
142.838197,56,1173.068548
583.17142,165,1173.584631
439.608641,135,1173.998821
497.133047,137,1174.430208
402.888104,122,1174.797198
560.921285,166,1175.322647
386.910875,121,1175.690346
599.289445,162,1176.179034
569.198265,159,1176.672177
372.608738,117,1177.027721
480.876597,138,1177.46847
531.892757,149,1177.913289
323.84395,111,1178.251508
402.800136,119,1196.907907
561.842204,159,1197.418002
542.147905,146,1197.856791
529.077725,146,1198.311081
526.884879,147,1198.757887
527.981954,154,1199.215812
224.043667,83,1199.48806
603.180045,163,1199.979315
440.622526,126,1200.381456
484.136261,140,1200.795356
334.368021,104,1201.099297
198.960666,75,1201.327243
550.710253,157,1201.817223
723.359063,261,1202.621559
598.598677,158,1221.211323
547.159602,155,1221.692181
401.623534,138,1222.101116
678.586412,205,1222.736694
584.72356,167,1223.242491
565.006741,149,1223.710914
409.628836,130,1224.09845
542.974555,146,1224.57612
474.276223,143,1225.008292
634.944972,171,1225.553076
200.088423,76,1225.785591
603.378585,179,1226.324405
291.883337,103,1226.654387
600.174446,161,1227.14233
514.567331,156,1245.746599
152.341162,61,1245.930243
628.351644,169,1246.464734
556.964653,154,1246.934188
478.784133,156,1247.420607
633.497148,177,1247.955704
554.885803,157,1248.441001
588.551615,169,1248.950966
439.983763,132,1249.365259
603.420472,167,1249.865358
523.841386,161,1250.356175
477.83113,138,1250.780391
413.843521,133,1251.172223
632.964192,173,1251.71617
547.306735,144,1270.215617
591.165831,154,1270.691628
631.892665,182,1271.259505
586.792636,163,1271.752339
634.756435,176,1272.298629
503.842936,148,1272.749676
481.671625,143,1273.175249
480.061282,142,1273.644591
623.760385,173,1274.166367
641.764374,181,1274.7212
610.570483,175,1275.252902
583.80722,170,1275.785512
598.567622,186,1294.573646
543.504181,158,1295.062792
542.09952,159,1295.568744
630.585448,173,1296.103141
593.927842,161,1296.609743
568.105656,155,1297.093495
564.3012,166,1297.613381
563.928126,161,1298.104644
593.849666,163,1298.60556
476.304936,144,1299.038268
572.736622,160,1299.542715
513.96179,150,1300.003171
585.244171,170,1300.531034
498.053271,138,1319.25571
601.776426,171,1319.78306
212.931213,79,1320.021841
441.945693,138,1320.458607
606.907635,161,1320.946095
484.017627,144,1321.404363
561.613441,150,1321.856217
414.973333,127,1322.269212
590.37548,159,1322.754039
584.329303,165,1323.269191
557.417061,151,1323.7315
553.311569,160,1324.224045
482.225084,136,1324.653268
586.649524,161,1325.14119
573.09107,153,1344.113647
635.030518,166,1344.647522
618.768734,175,1345.203232
439.194719,131,1345.614501
659.52985,185,1346.184799
520.27475,147,1346.657831
582.350635,173,1347.194839
692.073178,197,1347.810382
584.095532,157,1348.304857
506.82803,138,1348.729911
643.731803,175,1349.272709
629.684101,166,1349.798168
581.662307,169,1350.325238
613.42697,169,1369.416132
621.477916,171,1369.924877
567.576725,168,1370.474489
609.652528,165,1370.976013
557.462958,160,1371.4811
424.348106,126,1371.871809
626.65163,173,1372.420003
600.800875,166,1372.937085
533.785634,149,1373.417747
620.982804,170,1373.941489
529.198903,154,1374.440632
601.480808,175,1374.972185
600.031854,170,1393.961203
697.89545,192,1394.5734
625.005128,173,1395.103692
644.074981,171,1395.672601
577.298447,161,1396.167522
556.547025,146,1396.643146
601.434506,174,1397.188277
616.004217,177,1397.742958
559.153879,169,1398.268747
591.11099,152,1398.746947
601.362318,153,1399.22148
407.096853,127,1399.638854
664.959964,186,1400.207805
597.724363,158,1419.506772
607.385833,171,1420.025204
525.869118,144,1420.487163
637.668626,174,1421.01094
600.055612,163,1421.533935
652.526822,181,1422.082679
599.558601,160,1422.599204
384.165692,116,1422.951762
536.181054,151,1423.436171
616.028079,171,1423.998279
493.91592,136,1424.449963
661.70488,181,1425.004725
547.982271,153,1425.502861
606.23002,162,1444.741736
171.092505,66,1444.943328
507.106695,142,1445.411436
533.335767,146,1445.867561
480.939708,145,1446.326965
502.024862,144,1446.760866
610.782115,167,1447.285039
625.863173,163,1447.793131
482.113848,142,1448.242888
574.792077,159,1448.743368
593.748528,160,1449.233863
536.439686,152,1449.720928
264.221471,90,1449.996185
304.798428,98,1450.303726
596.155981,163,1469.537761
538.342074,156,1470.026841
445.31046,135,1470.460182
663.681649,175,1471.002031
465.9849,140,1471.445838
403.574243,124,1471.831384
487.695708,141,1472.28441
573.179453,160,1472.787791
533.615444,146,1473.23232
616.212297,168,1473.765298
470.537132,138,1474.191655
590.336204,159,1474.704835
163.263829,64,1474.903638
414.478377,128,1475.305545
428.73958,124,1475.711925
619.981872,174,1495.142088
707.26752,218,1495.837956
597.708043,172,1496.40474
639.340901,173,1496.952016
561.751641,157,1497.464249
381.882927,107,1497.788882
588.660756,167,1498.329128
541.320569,155,1498.811191
553.814064,154,1499.295174
561.876054,157,1499.810299
568.440811,150,1500.28463
615.49282,181,1500.994459
613.722561,164,1520.072143
541.187462,154,1520.578388
596.3186,169,1521.110591
586.415771,152,1521.602791
539.950694,149,1522.067808
372.389738,119,1522.45927
556.810404,156,1522.954746
556.183832,161,1523.479639
551.841754,149,1523.94405
602.946233,168,1524.481367
597.926987,156,1524.963387
592.493854,167,1525.525081
581.476264,155,1526.290731
605.99643,165,1545.143176
584.124454,158,1545.659804
614.874981,172,1546.190988
569.346027,158,1546.716051
453.773518,138,1547.157855
645.690066,170,1547.711939
628.943027,166,1548.220649
461.400885,148,1548.704536
610.752811,170,1549.243562
502.680567,160,1549.75447
493.508878,144,1550.198604
543.924309,153,1550.897933
541.839211,153,1551.645776
592.461809,173,1570.358794
616.056981,179,1570.903098
564.304745,151,1571.37403
600.702288,167,1571.890007
345.40115,108,1572.218476
615.660215,165,1572.748629
586.936677,158,1573.238204
569.193849,165,1573.75794
619.193432,162,1574.251081
579.87151,150,1574.764166
665.96716,187,1575.471314
580.134685,162,1576.261022
605.276777,158,1577.021124
566.757201,151,1595.489078
598.518856,165,1596.008311
571.643554,154,1596.49837
495.695284,136,1596.9165
586.891381,158,1597.409307
472.441655,142,1597.88689
559.499012,151,1598.356164
650.969359,180,1598.92782
530.983237,149,1599.402677
315.877713,101,1599.729837
599.956017,164,1600.324369
615.824805,166,1601.122407
430.286781,131,1601.766692
575.923884,156,1602.575037
642.579562,163,1620.900135
606.695066,172,1621.431898
664.141235,186,1622.018449
591.343847,165,1622.544213
633.929723,181,1623.098888
605.91379,160,1623.613209
644.368971,178,1624.164082
575.930279,157,1624.676095
610.231847,173,1625.385282
504.695364,145,1626.099028
568.02026,154,1626.847056
637.978353,170,1627.5958
606.920569,168,1645.565489
530.200603,150,1646.028502
542.225794,153,1646.514895
595.08567,157,1646.991549
604.481938,169,1647.521994
562.627009,156,1647.991145
623.834675,169,1648.510336
615.963531,170,1649.059721
635.902064,167,1649.583749
682.362013,176,1650.286549
548.587108,151,1651.010376
626.811965,176,1651.876689
665.725277,185,1670.024332
643.29531,177,1670.56537
577.429481,157,1671.039076
638.902992,172,1671.574239
600.226447,161,1672.058614
607.679447,163,1672.57271
500.113328,142,1672.994676
626.389622,165,1673.488032
600.730005,162,1673.989182
645.521047,183,1674.553566
600.161526,171,1675.313811
500.11194,133,1675.936389
639.158093,173,1676.775892
642.814726,170,1694.838341
638.917734,177,1695.387819
512.788034,135,1695.811386
573.08494,154,1696.299776
615.960075,158,1696.79736
644.539165,176,1697.336156
525.70393,140,1697.767512
642.795185,174,1698.286773
670.842352,180,1698.831045
606.083564,165,1699.326492
667.450977,173,1700.028722
581.241987,162,1700.826357
639.027588,177,1719.288872
560.999,155,1719.780161
603.066225,165,1720.31733
646.572553,175,1720.861081
617.416382,171,1721.377678
676.727758,184,1721.933813
589.995333,158,1722.404343
566.906951,156,1722.883697
480.064705,137,1723.302721
655.344403,175,1723.837277
464.028008,144,1724.26653
573.468789,160,1724.883801
591.666359,163,1725.666494
609.429201,160,1744.034393
605.545366,166,1744.546978
643.720181,169,1745.045112
656.071973,178,1745.589671
683.843255,185,1746.137363
454.102871,138,1746.565931
636.658087,169,1747.064245
578.177222,154,1747.55137
582.08634,155,1748.018002
664.046195,177,1748.572698
607.42053,157,1749.044277
590.897675,159,1749.566039
575.045645,157,1750.309931
530.656187,145,1768.787858
615.664827,172,1769.304045
700.017834,176,1769.848221
619.017881,167,1770.348762
617.001588,164,1770.880008
676.567738,177,1771.433719
607.956512,160,1771.936065
668.809383,180,1772.474989
605.58142,170,1772.999634
605.857251,162,1773.487052
632.061952,163,1773.999435
598.774078,175,1774.602463
654.047039,182,1793.318151
644.824527,176,1793.858222
718.425465,180,1794.401136
691.306933,182,1794.971159
622.802869,168,1795.476169
582.772987,160,1795.980974
631.02205,169,1796.498861
653.207795,169,1797.026096
609.0495,167,1797.527434
661.773645,182,1798.08923
635.776451,166,1798.594526
628.946859,168,1799.115984
648.97701,172,1817.896143
574.446734,157,1818.359179
627.937592,172,1818.886767
625.351408,168,1819.395037
632.928391,171,1819.930124
575.324013,161,1820.425062
651.146382,179,1820.985509
612.651008,157,1821.45865
532.740263,151,1821.955768
668.114747,172,1822.479717
665.944753,185,1823.057474
572.582029,162,1823.544242
583.017507,158,1842.303327
617.320835,165,1842.82116
630.438913,168,1843.331117
671.216994,172,1843.854494
602.804,163,1844.343296
679.629118,174,1844.877719
583.199391,152,1845.35938
644.222272,169,1845.888714
645.903182,172,1846.395803
542.748129,149,1846.856293
168.587564,62,1847.043501
611.980381,164,1847.545022
586.06189,153,1848.02373
607.197478,159,1866.699945
589.523667,154,1867.163372
158.305656,61,1867.351988
678.039768,177,1867.89199
614.442972,163,1868.384491
620.56733,165,1868.881319
618.777795,159,1869.35379
621.161203,165,1869.860256
715.525913,178,1870.389307
562.0238,151,1870.850424
614.834484,162,1871.333519
609.432604,155,1871.803567
173.628275,66,1871.99926
674.226616,176,1872.530532
609.44944,156,1891.332065
642.22701,177,1891.877773
171.626373,64,1892.069831
676.740295,174,1892.60605
651.904583,173,1893.134498
595.891368,158,1893.643505
612.585649,168,1894.138978
694.10089,189,1894.716301
581.72455,156,1895.192038
382.177322,112,1895.5378
147.15071,65,1895.752418
168.713376,62,1895.940846
578.011221,153,1896.399026
607.88538,163,1896.911949
666.364978,174,1915.802273
670.95948,169,1916.317894
162.838229,64,1916.514972
529.500359,144,1916.957088
654.110439,174,1917.480829
597.047365,150,1917.94102
492.033196,134,1918.345425
515.744953,143,1918.783877
592.890447,154,1919.242026
602.732307,159,1919.74603
618.214883,161,1920.226537
712.606072,186,1920.793753
638.83733,173,1921.322316
511.681529,143,1921.768302
703.089656,175,1940.422395
679.744049,181,1940.996123
632.394031,160,1941.470241
608.16692,171,1942.001937
541.794202,151,1942.461712
613.032512,157,1942.941023
688.675924,172,1943.460527
606.947679,158,1943.954287
695.252616,173,1944.479785
701.963368,175,1945.022004
525.267011,147,1945.476529
680.633436,173,1946.029885
611.552974,159,1964.694382
649.586965,174,1965.218447
577.1381,153,1965.691463
586.907118,154,1966.173505
674.206678,170,1966.69071
605.266166,153,1967.140066
582.452407,156,1967.612231
597.360052,162,1968.090264
714.673201,185,1968.664346
608.337587,173,1969.182229
614.196467,159,1969.67584
645.952679,177,1970.203694
617.39185,168,1970.72022
675.632859,171,1989.220595
615.225444,158,1989.710736
673.2958,177,1990.231793
647.946552,176,1990.771756
683.901617,182,1991.324983
570.03929,158,1991.816314
143.889296,56,1991.983708
645.864002,172,1992.482309
590.850143,153,1992.936568
656.245367,168,1993.431938
625.313845,160,1993.916455
681.901197,175,1994.429356
666.264771,172,2013.237101
670.706153,169,2013.755812
645.588146,166,2014.248025
667.624499,185,2014.816356
675.870138,174,2015.341589
508.131777,145,2015.805966
705.379012,184,2016.365176
563.133752,149,2016.817906
162.936607,63,2017.004292
635.754986,172,2017.527946
650.022814,168,2018.035561
659.436421,171,2018.540495
700.135369,181,2019.085342
537.95222,142,2037.729608
666.829679,183,2038.261662
140.012052,55,2038.422616
639.234558,171,2038.934637
672.636868,184,2039.475914
687.951506,177,2040.012069
498.916918,131,2040.398155
655.335623,176,2040.928275
668.46502,177,2041.463618
652.78897,180,2042.01591
573.068051,158,2042.516596
638.910013,160,2043.015685
653.491167,176,2043.550778
680.979975,179,2062.134588
620.935667,178,2062.69733
642.319749,160,2063.174616
650.843528,171,2063.694911
657.042688,179,2064.237508
716.151127,190,2064.830359
604.220862,169,2065.348603
669.587477,179,2065.91637
648.970671,176,2066.4759
655.851333,179,2067.02982
640.417069,177,2067.564021
636.607715,167,2068.076971
623.137773,172,2086.925829
723.079179,192,2087.513056
696.699742,183,2088.051873
658.998659,173,2088.5912
613.428377,160,2089.069176
662.449056,182,2089.640017
359.305003,120,2089.993865
681.25874,182,2090.552045
689.644881,178,2091.065459
644.995961,181,2091.621423
657.718221,173,2092.136168
686.873394,187,2110.68323
663.456653,181,2111.593795
679.205642,168,2112.093428
682.213969,174,2112.627423
716.036247,190,2113.184695
671.428362,186,2113.766268
707.308627,189,2114.329941
596.41717,167,2114.853041
678.124911,185,2115.41346
666.47474,181,2115.977386
692.523819,202,2116.656065
679.752153,181,2117.209113
690.458606,184,2135.97604
692.457801,187,2136.711817
617.097375,164,2137.207623
686.939645,177,2137.789428
701.088325,182,2138.347837
471.83991,133,2138.760988
561.075282,153,2139.215197
678.53994,185,2139.798019
666.149271,177,2140.339874
657.05932,175,2140.884832
676.727223,186,2141.444077
663.952581,175,2141.991762
692.01881,181,2160.842369
638.539606,177,2161.504843
666.966487,178,2162.05637
693.115504,189,2162.649903
741.393779,196,2163.246451
661.798858,169,2163.774758
653.624431,180,2164.316051
632.594412,155,2164.792409
661.838695,170,2165.306851
649.93406,171,2165.840744
695.159128,176,2166.37388
730.253289,194,2185.445089
680.977955,177,2186.115486
623.594128,167,2186.633349
720.457445,180,2187.179182
697.05548,174,2187.722035
669.842882,178,2188.25686
627.816608,173,2188.784672
661.737664,173,2189.299511
731.172911,189,2189.878987
553.161784,151,2190.331458
691.757766,175,2190.871342
672.316057,174,2191.390172
702.046818,189,2209.762839
707.56189,177,2210.564894
710.103789,185,2211.107492
744.925418,194,2211.702852
676.688111,175,2212.227607
728.740429,182,2212.798808
691.769616,182,2213.353224
638.270187,161,2213.890826
735.087017,182,2214.445373
700.366869,183,2215.009186
696.562304,180,2215.605971
139.884907,52,2215.764398
675.557339,176,2234.546307
718.348767,184,2235.346592
472.897418,135,2235.776377
606.560386,164,2236.288303
669.736656,179,2236.892142
706.196564,185,2237.469475
174.400652,65,2237.666618
691.395026,181,2238.208761
665.318602,171,2238.752184
684.703701,192,2239.348483
717.018888,177,2239.920266
684.769173,171,2240.463911
594.798813,156,2259.752239
674.109807,173,2260.296649
764.099614,200,2260.934152
681.356614,188,2261.534981
697.701436,179,2262.07869
579.162781,154,2262.569496
697.054133,180,2263.126782
703.659949,174,2263.699196
703.560099,173,2264.250554
637.909688,168,2264.775889
744.669401,180,2265.335586
645.889684,171,2265.878949
681.347742,178,2284.929897
636.293259,165,2285.448129
646.704083,162,2285.946005
706.013513,174,2286.499776
651.823662,173,2287.016756
669.035183,167,2287.536352
713.991346,186,2288.098921
595.691676,162,2288.606618
708.272117,187,2289.166907
612.904654,175,2289.71395
682.463514,181,2290.254845
663.62834,164,2290.751904
696.18247,184,2309.784188
711.379805,179,2310.330321
639.241665,162,2310.838077
707.992324,179,2311.381381
161.458181,59,2311.575197
614.673047,162,2312.066056
645.419586,166,2312.587222
703.247364,181,2313.137245
685.283506,173,2313.67588
638.808804,164,2314.169759
677.736546,169,2314.709707
403.430804,116,2315.056626
623.62209,160,2315.545453
755.340798,182,2334.433727
674.309771,178,2334.973799
712.482781,189,2335.572509
737.995593,182,2336.139892
631.260474,152,2336.624959
670.939415,183,2337.200354
668.656784,172,2337.752746
713.662342,180,2338.299493
733.315342,181,2338.863498
771.801644,189,2339.442912
595.850931,156,2339.937882
622.912094,157,2340.411672
722.898353,197,2359.254339
693.871645,192,2359.861308
707.425416,184,2360.43648
682.978822,183,2361.002537
173.488099,63,2361.197958
676.914267,161,2361.701751
708.326071,175,2362.239944
662.914877,176,2362.805184
700.733449,185,2363.365233
760.112539,187,2363.956184
713.283413,188,2364.541369
697.138816,179,2384.009981
722.141305,182,2384.59992
708.718685,191,2385.201145
670.019312,169,2385.739815
718.590724,187,2386.322467
708.898709,183,2386.896301
726.157729,197,2387.554121
688.380193,170,2388.099374
733.319332,192,2388.717041
733.992771,179,2389.26117
757.755958,194,2389.870663
754.285034,185,2390.441702
673.124267,180,2409.608373
726.375786,198,2410.214625
755.528812,189,2410.810971
704.296179,188,2411.397358
680.814243,185,2411.974833
722.330311,185,2412.5378
774.480342,197,2413.146444
721.196476,194,2413.756472
157.411642,59,2413.935443
633.218218,162,2414.430796
751.008682,191,2415.028076
758.540564,187,2433.81897
628.068724,173,2434.340441
757.169393,195,2434.978486
653.507294,175,2435.540479
744.414722,184,2436.141405
171.354015,63,2436.341545
403.163841,116,2436.719789
748.441663,189,2437.302061
766.99922,196,2437.917624
713.887586,186,2438.479225
694.294377,189,2439.061249
728.101052,177,2439.608201
769.888145,189,2458.690895
762.367041,201,2459.311874
693.01125,183,2459.892512
754.175934,192,2460.477326
694.569414,175,2461.031446
174.782266,64,2461.228769
718.970944,181,2461.805836
754.839699,206,2462.462981
600.217366,172,2463.033419
685.718981,183,2463.619795
721.86362,185,2464.223733
733.110686,193,2464.86882
706.126435,182,2484.438186
710.040354,184,2485.044441
704.830503,184,2485.657421
685.431261,170,2486.198174
666.456123,175,2486.779274
693.507741,186,2487.384348
680.811997,169,2487.941153
664.270456,179,2488.503223
759.054922,198,2489.138494
715.361235,199,2489.79683
673.177403,170,2490.343655
675.877928,178,2509.985165
706.323876,182,2510.581729
719.517182,184,2511.17746
551.551005,141,2511.648367
644.409345,175,2512.216487
184.538591,68,2512.440359
760.600238,196,2513.097628
720.847246,192,2513.72922
727.168726,188,2514.354539
609.660159,156,2514.88659
164.135995,59,2515.082338
746.914021,187,2515.706604
295.179438,94,2516.204829
700.797603,182,2535.76935
712.419767,187,2536.366051
692.325206,177,2536.940094
733.13417,188,2537.549635
712.160785,180,2538.162628
659.543659,166,2538.696871
480.774964,143,2539.144957
715.502097,179,2539.734633
681.830729,179,2540.305029
701.868564,182,2541.155295
715.181021,181,2542.022362
705.035988,183,2542.92936
696.93511,181,2561.691564
756.001475,204,2562.329315
691.682639,183,2562.895245
772.072052,205,2563.534867
675.758952,174,2564.08969
650.76091,166,2564.623898
599.854322,150,2565.156069
773.212704,199,2566.154271
717.296977,182,2567.07289
752.615774,190,2567.895485
168.993157,60,2568.085045
766.057398,196,2568.726828
743.307065,195,2587.52248
716.193811,192,2588.135908
547.189013,158,2588.629837
612.31474,155,2589.125287
705.10177,197,2589.777749
726.473855,199,2590.79964
749.131056,188,2591.731148
751.569596,198,2592.528675
752.663109,194,2593.15904
727.230092,194,2593.770463
720.31054,189,2594.386002
749.038068,185,2613.306331
697.691909,186,2613.913201
712.532263,175,2614.512052
664.064636,183,2615.455646
748.847241,198,2616.480846
745.929012,190,2617.239857
722.63594,190,2617.857116
774.665614,192,2618.492673
737.382086,189,2619.104689
718.78721,187,2619.702367
672.325647,176,2620.274266
718.34491,176,2639.186497
720.927235,187,2640.118003
702.308076,185,2641.021291
685.651526,190,2641.836114
752.885619,183,2642.445486
730.022599,189,2643.080476
635.818648,171,2643.656608
690.165984,174,2644.25044
723.155624,200,2644.901525
734.356241,190,2645.525642
726.047871,193,2646.179025
787.363759,201,2665.718019
681.59953,174,2666.469635
728.008541,193,2667.119164
681.735763,178,2667.693251
579.73226,153,2668.198458
731.169647,189,2668.803403
642.181393,167,2669.34901
760.279051,197,2669.987342
159.905291,57,2670.185913
718.468451,192,2670.809824
685.231494,179,2671.395226
710.492998,189,2672.013142
698.747403,186,2691.621732
680.675696,173,2692.175373
720.126309,176,2692.736227
726.120277,177,2693.315292
631.853837,156,2693.814875
713.300335,178,2694.405824
657.707651,165,2694.938252
756.652904,193,2695.58225
723.772219,181,2696.198317
703.441947,179,2696.786195
688.696893,179,2697.387348
766.259609,195,2716.956693
662.086469,173,2717.528359
746.671224,188,2718.145521
770.538925,195,2718.802498
748.550385,190,2719.425138
536.973506,143,2719.887873
665.288311,169,2720.448538
679.314736,178,2721.018084
547.385208,146,2721.499632
722.984286,173,2722.0453
732.165283,184,2722.646679
752.163302,184,2723.228952
513.417381,145,2742.649303
572.465212,152,2743.130381
767.109762,188,2743.711561
732.843063,185,2744.289622
728.478932,176,2744.853682
721.916432,187,2745.465616
722.578962,189,2746.071663
731.563115,191,2746.689372
160.924481,59,2746.879016
666.176714,170,2747.43086
677.067867,177,2747.981026
752.00824,189,2748.621199
728.759814,179,2768.216925
752.092748,197,2768.834655
155.462632,56,2769.009618
727.885841,184,2769.601655
763.207622,198,2770.23361
532.713023,146,2770.696663
773.111967,192,2771.309236
718.042649,190,2771.897045
722.667646,181,2772.480084
740.511296,185,2773.056912
747.371715,190,2773.666794
653.910783,170,2774.206193
713.280779,174,2793.73249
709.551334,194,2794.370188
736.991941,186,2794.951592
749.685549,189,2795.56216
720.311029,203,2796.233332
745.056424,183,2796.807544
728.6128,187,2797.405012
696.068907,171,2797.940757
707.604229,182,2798.519051
745.581435,189,2799.105314
779.039486,190,2800.029491
783.607454,191,2819.139802
716.010417,193,2819.773305
697.066427,185,2820.376419
751.367202,189,2820.962534
727.384434,188,2821.560345
162.619442,58,2821.745674
716.625137,184,2822.333407
764.399505,187,2822.911594
721.857209,192,2823.526788
758.872573,181,2824.257813
727.045546,187,2825.192868
794.594662,196,2844.417315
644.016011,161,2844.923056
681.487683,181,2845.507053
680.305268,197,2846.135204
772.511822,204,2846.797774
708.334726,179,2847.363065
744.47154,175,2847.913903
474.655816,131,2848.3458
670.762922,171,2849.108386
713.25975,187,2850.02282
737.30493,190,2850.980358
783.837923,190,2851.602554
186.072353,67,2851.816926
730.002794,194,2870.468181
803.74383,221,2871.151867
862.374602,236,2871.91888
323.294503,91,2872.201528
716.317879,191,2872.827652
555.127303,152,2873.411062
801.147597,187,2874.331081
696.229702,186,2875.27746
749.9077,183,2876.003806
447.233748,119,2876.379854
717.153004,175,2876.937665
781.662235,201,2895.879783
537.568915,138,2896.341654
739.599584,187,2896.939546
726.646723,186,2897.554711
333.69436,100,2897.868834
750.462669,185,2898.836628
162.932362,57,2899.11126
750.557781,179,2900.008708
731.580525,185,2900.767816
757.509864,213,2901.452453
685.511816,173,2902.012246
166.044433,63,2902.210469
735.849893,187,2902.826025
737.308101,180,2921.683386
797.412152,209,2922.354418
706.187465,191,2923.115195
748.484915,189,2924.037922
699.416846,176,2924.964417
739.784085,191,2925.646072
751.546557,207,2926.30541
794.325608,211,2927.002487
737.025911,195,2927.625827
377.944913,123,2928.010298
611.695477,164,2928.529953
745.38048,200,2946.804986
843.434146,215,2947.488623
716.014351,185,2948.375753
741.085213,202,2949.334357
728.92352,199,2950.152974
721.091749,198,2950.765193
739.808508,198,2951.363536
776.14797,203,2951.987369
738.699518,192,2952.559557
739.556035,193,2953.152747
715.919838,189,2971.250602
784.220954,193,2971.845343
164.904426,59,2972.024417
626.603846,166,2972.751655
769.287282,196,2973.671824
669.672303,179,2974.555773
743.237598,191,2975.157723
729.610986,196,2975.770376
758.282263,190,2976.340734
781.761447,199,2976.954748
728.986462,183,2977.512833
793.300383,192,2978.101715
756.638788,196,2995.811504
457.209552,145,2996.264849
786.511139,187,2996.837923
724.289253,192,2997.705047
740.547115,180,2998.535107
748.258961,191,2999.417117
618.862492,155,2999.906932
450.402367,130,3000.304818
731.558241,181,3000.861713
672.792035,182,3001.399019
149.482228,56,3001.564623
781.68607,205,3002.188404
756.570575,194,3019.872631
742.500799,190,3020.464456
715.445332,181,3021.005704
795.126694,186,3021.582977
724.714645,186,3022.503159
774.611773,197,3023.435277
701.075915,188,3024.221912
278.567337,94,3024.506819
705.799036,175,3025.039074
636.550779,163,3025.530371
759.03093,198,3026.141331
803.360449,194,3026.742408
618.099471,155,3044.30244
695.546815,181,3044.827563
689.954272,183,3045.389259
806.087457,210,3046.011298
755.656898,191,3046.788349
741.396064,189,3047.650442
693.546895,181,3048.532544
577.4953,145,3049.009024
785.020754,204,3049.658743
757.644301,201,3050.257584
765.800156,203,3050.87341
751.771306,195,3068.651989
763.204496,200,3069.24719
809.224771,202,3069.855996
726.840623,189,3070.431136
724.169438,193,3071.043491
544.420813,149,3071.742061
751.923518,200,3072.654619
734.095789,194,3073.519871
710.441798,192,3074.100592
810.813295,217,3074.765502
746.96399,197,3092.598175
743.698518,204,3093.195694
832.976739,226,3093.87871
739.036326,197,3094.478524
859.05027,221,3095.128062
765.309217,196,3095.785309
712.91182,188,3096.66792
837.547068,223,3097.694083
755.812845,192,3098.424243
801.225382,209,3099.048368
719.771811,180,3116.830509
722.053031,176,3117.380401
771.00749,190,3117.944159
794.014281,205,3118.578223
793.478547,186,3119.139333
792.929716,196,3119.770374
430.527127,119,3120.128342
737.708113,180,3120.867715
805.264543,201,3121.787563
810.296592,188,3122.692143
741.436192,177,3123.258987
725.705873,178,3123.801616
712.212764,173,3141.76666
616.250874,157,3142.254674
842.962261,209,3142.883602
351.250848,100,3143.185091
759.871259,193,3143.781605
586.47113,147,3144.211298
685.59464,170,3144.740947
661.569462,167,3145.355178
797.714584,191,3146.243423
424.408666,115,3146.781924
735.164922,177,3147.611085
740.551227,181,3148.151132
636.126813,158,3165.880762
722.597948,180,3166.431987
582.283776,147,3166.866656
738.298773,174,3167.395117
764.889269,184,3167.939954
866.603834,220,3168.602659
629.7523,159,3169.066173
672.460348,178,3169.616064
652.880783,159,3170.300991
683.45796,177,3171.111279
741.088707,189,3172.033894
696.059711,173,3172.640141
679.22263,178,3190.488197
693.773569,175,3191.009327
754.733856,196,3191.624319
540.072334,139,3192.05207
657.364378,159,3192.547754
762.97778,195,3193.122457
750.395489,186,3193.695469
737.181531,191,3194.26465
775.167216,191,3195.054086
692.450983,187,3195.940942
759.18003,194,3196.926341
747.601112,184,3215.034733
743.947616,178,3215.600684
386.782995,111,3215.948873
691.140837,167,3216.490677
617.393713,160,3216.97607
743.697632,184,3217.559854
762.482807,184,3218.130508
812.904575,193,3218.745965
782.391167,190,3219.418798
756.964538,197,3220.349638
667.416759,163,3221.13245
756.873343,190,3221.917152
761.88877,195,3239.910765
758.165612,190,3240.507348
1225.95031,298,3241.421032
742.524289,187,3241.99393
712.497752,183,3242.571259
707.280861,173,3243.093303
679.607525,167,3243.617666
708.263558,189,3244.375458
737.513139,193,3245.293334
719.579722,175,3246.169106
633.127328,162,3264.253965
770.562976,194,3264.848796
719.790364,184,3265.432311
766.155553,192,3266.030279
865.021033,237,3266.774542
830.167797,230,3267.491625
684.253815,180,3268.029379
686.823482,182,3268.591283
789.328422,208,3269.584858
768.975201,194,3270.495058
702.973004,186,3271.278188
806.503778,201,3289.24612
698.759634,173,3289.771381
797.71047,193,3290.395817
733.796246,189,3290.956311
743.657905,186,3291.528325
739.816633,203,3292.133819
668.845931,169,3292.659281
700.156954,187,3293.222479
752.780836,197,3294.133646
778.549239,200,3295.064091
799.491684,194,3295.939118
776.861807,204,3313.907892
722.552796,180,3314.46895
772.779611,181,3315.018454
715.69732,174,3315.568301
676.469866,163,3316.060421
754.593954,195,3316.672407
733.621463,188,3317.244344
676.97213,179,3317.800871
773.98265,194,3318.59451
797.029887,198,3319.504468
758.731374,186,3320.448005
805.276746,185,3338.374109
772.258734,182,3338.915791
732.296012,189,3339.494998
698.119794,174,3340.019512
790.443206,194,3340.613648
738.647828,194,3341.190585
793.073418,194,3341.788973
741.780676,173,3342.314193
764.857154,181,3342.963803
679.549275,171,3343.777404
738.428867,171,3344.582342
722.905735,183,3362.409397
808.014278,198,3362.991057
645.861654,160,3363.479153
689.682572,177,3364.009839
795.608505,209,3364.652669
758.981849,192,3365.221433
806.49783,185,3365.796705
729.951434,183,3366.363173
784.927517,180,3366.909977
727.210223,189,3367.564952
693.725503,176,3368.396657
717.87518,176,3386.595492
773.685167,200,3387.209561
763.590061,190,3387.787506
778.832374,192,3388.385117
766.884021,197,3388.981078
758.325723,208,3389.630684
752.313328,179,3390.161277
760.160886,186,3390.733949
724.714355,181,3391.28059
689.898229,165,3391.794708
641.947939,164,3392.425157
156.655355,57,3392.691417
703.768089,195,3411.010798
831.498622,196,3411.607484
775.067673,190,3412.167026
774.197362,199,3412.791273
804.445834,192,3413.400671
729.220877,177,3413.934791
820.136054,204,3414.588243
842.099144,220,3415.27419
795.275863,198,3415.90125
831.213421,193,3416.510526
771.203604,193,3434.964308
769.877109,200,3435.595748
730.457107,182,3436.149265
684.971038,179,3436.709818
805.035005,204,3437.343498
755.000896,206,3437.978338
738.970496,199,3438.589466
731.114159,198,3439.17522
820.47182,212,3439.840865
837.519703,195,3440.450988
733.921611,185,3441.03404
753.485341,191,3459.732941
796.174101,204,3460.362284
706.259121,170,3460.862319
416.781379,124,3461.232971
789.965242,205,3461.859809
156.45252,57,3462.027125
747.047919,190,3462.620158
917.120906,270,3463.437122
817.078188,208,3464.050838
734.570597,202,3464.665001
828.677232,214,3465.305013
772.969651,201,3483.90684
769.158026,203,3484.536221
777.110338,200,3485.12997
812.257481,209,3485.774298
879.266131,220,3486.443541
781.171394,199,3487.025094
787.165158,202,3487.643051
603.078021,157,3488.11892
700.343618,181,3488.688401
928.286829,259,3489.505379
777.175332,190,3508.372522
844.021141,194,3508.96193
713.802982,179,3509.529023
807.725091,208,3510.156884
734.006047,180,3510.735361
728.595915,180,3511.302469
756.872133,181,3511.869911
753.727059,192,3512.47682
737.427546,183,3513.031753
728.932146,193,3513.638917
804.111868,202,3514.252559
769.360235,188,3533.222494
744.993076,201,3533.845464
645.871512,155,3534.324431
787.469153,181,3534.867641
835.214721,197,3535.490733
797.847466,202,3536.119879
875.747971,235,3536.846364
860.184989,216,3537.533046
784.499455,199,3538.127039
746.452303,197,3538.742501
681.710447,178,3557.508772
528.553573,169,3558.009688
779.668487,205,3558.631747
797.136101,193,3559.188485
159.070326,55,3559.368208
454.269747,122,3559.734878
784.529599,178,3560.266563
744.668882,187,3560.836417
788.305741,193,3561.461472
837.539249,194,3562.034893
757.103878,196,3562.644022
812.292062,210,3563.265826
154.321747,57,3581.500011
684.037642,172,3582.007896
685.626829,182,3582.562112
760.379574,185,3583.105124
692.948156,182,3583.662114
964.428161,234,3584.365786
771.635427,186,3584.913704
836.394086,196,3585.521418
732.302108,188,3586.082747
858.290165,200,3586.693666
854.282737,217,3587.335416
415.378761,115,3605.745672
818.912923,212,3606.394716
771.603888,202,3606.996077
809.750051,202,3607.627348
708.505069,188,3608.19406
799.674866,199,3608.811537
542.643324,176,3609.355092
758.061412,189,3609.919749
758.499761,195,3610.535395
1287.82119,342,3611.582714
735.154106,191,3630.451251
826.181643,213,3631.094452
824.753542,219,3631.76207
834.095514,236,3632.473351
758.216156,197,3633.057335
753.933278,199,3633.669661
715.744208,193,3634.243297
757.334395,194,3634.839936
792.889959,205,3635.469333
743.654319,189,3636.04547
915.069266,245,3654.705557
746.938506,191,3655.306098
772.310261,208,3655.942965
761.273884,200,3656.560629
986.582684,270,3657.387325
1003.170818,251,3658.128494
679.817265,180,3658.681643
684.04334,185,3659.222867
1276.63407,304,3660.135296
1158.320463,303,3679.187251
717.000873,176,3679.71967
833.278274,242,3680.45867
671.05242,191,3681.029827
1204.617151,307,3681.989951
1017.618452,255,3682.757763
925.308471,251,3683.525065
687.845015,179,3684.06675
674.396666,180,3684.624348
656.333287,184,3703.178637
1300.865617,343,3704.219304
745.428923,185,3704.76724
1130.879457,331,3705.766887
703.627419,170,3706.290832
559.753229,140,3706.715798
1092.961742,297,3707.606758
894.310603,239,3708.337384
930.496138,232,3709.027064
790.231655,201,3727.69398
765.719226,190,3728.280185
925.004718,239,3728.985353
1192.244868,308,3729.912821
815.718861,221,3730.585115
1224.897157,327,3731.568791
999.501293,249,3732.32897
1188.237538,330,3733.327495
857.140515,236,3752.047728
802.599359,222,3752.73206
736.870442,193,3753.328253
1045.794404,252,3754.072995
767.351574,202,3754.692082
1197.946408,316,3755.656256
834.012615,214,3756.30888
750.910897,205,3756.911902
779.571181,219,3757.592404
821.744401,213,3776.284844
870.605854,229,3777.013497
1192.07055,296,3777.93533
757.63146,204,3778.565162
798.510211,217,3779.222762
815.643012,225,3779.906914
761.734472,202,3780.529687
706.235265,193,3781.105207
837.956983,217,3781.779047
800.779825,213,3800.712214
838.24001,205,3801.349481
771.688179,206,3801.996105
1188.336638,308,3802.935079
945.367595,254,3803.717964
829.511648,209,3804.366632
1204.759531,327,3805.403
920.636163,253,3806.22352
1006.986695,250,3825.592177
435.560849,120,3825.958384
778.121025,198,3826.5881
807.514337,226,3827.323539
758.716869,180,3827.881038
719.80163,176,3828.426562
750.302605,199,3829.025374
1234.849262,318,3829.98922
882.390828,220,3830.687301
779.170902,210,3831.345387
842.253792,206,3850.460254
898.111073,231,3851.173657
757.274671,186,3851.726513
772.910465,194,3852.326965
788.521704,191,3852.905717
804.948918,215,3853.569454
1033.835406,294,3854.467869
991.209565,301,3855.388048
819.915817,210,3856.031126
527.828449,138,3875.319468
776.534607,226,3876.015485
638.081939,156,3876.512257
858.832442,212,3877.185537
1228.291369,294,3878.14684
669.77987,168,3878.677007
873.466313,258,3879.484744
682.658537,177,3880.028629
815.337815,207,3880.679856
793.435558,216,3881.349423
887.795301,226,3900.850268
705.278269,192,3901.458873
812.841637,211,3902.108301
772.945473,203,3902.769726
789.615563,196,3903.395236
765.924458,194,3903.994954
771.696941,190,3904.59562
771.834914,196,3905.201433
741.324064,210,3905.885615
690.901732,168,3906.422032
492.181976,159,3906.911114
812.74345,200,3925.962738
1278.222738,301,3926.886758
709.073359,199,3927.502599
1255.83248,347,3928.567605
1109.985632,303,3929.516042
810.834813,209,3930.145968
772.460815,205,3930.784977
1126.166391,283,3931.673119
1092.667259,283,3950.763639
1215.21349,315,3951.714706
991.474751,236,3952.457823
921.392534,255,3953.230764
781.913463,226,3953.909728
817.984928,213,3954.576771
801.977783,214,3955.245669
781.550287,212,3955.896842
1066.301562,268,3975.141923
1111.844542,282,3975.993156
836.856646,219,3976.677133
802.693172,213,3977.334875
837.119058,220,3977.986986
820.927087,210,3978.643026
755.155436,199,3979.256373
751.21219,189,3979.845052
1242.884999,327,3980.883355
869.154566,233,3999.897326
868.853827,212,4000.559225
921.978939,214,4001.22261
836.891897,213,4001.880278
841.147255,207,4002.512364
820.146484,208,4003.130862
1113.273143,259,4003.925411
785.556459,190,4004.516758
830.979704,204,4005.134199
858.02313,219,4024.034425
794.646207,185,4024.586246
1179.561299,292,4025.485995
483.812259,164,4025.979701
958.148236,233,4026.688704
987.438594,238,4027.413548
895.553809,219,4028.059211
658.297662,183,4028.623462
747.752857,174,4029.133421
1028.468504,281,4048.363893
1118.182962,269,4049.176089
807.420347,215,4049.837207
782.399631,194,4050.442362
745.425002,181,4050.980645
968.721822,234,4051.706567
754.342862,189,4052.285537
855.429121,207,4052.901105
876.536931,230,4053.605612
885.776511,226,4054.294195
147.943651,57,4054.466712
1131.134634,268,4073.384604
825.783676,195,4073.974308
758.311978,193,4074.550873
797.888913,180,4075.094332
1163.825075,300,4076.005499
783.92344,195,4076.601128
810.607106,209,4077.245702
771.859254,208,4077.866472
771.828589,200,4078.483412
642.276133,157,4096.993593
777.454153,207,4097.744822
730.64864,169,4098.266216
1590.160123,397,4099.470174
888.113437,235,4100.180399
1115.803567,293,4101.076679
841.111335,207,4101.697913
1053.467533,261,4102.497219
770.010377,193,4103.116627
836.814614,213,4122.1363
896.633669,222,4122.803048
1008.996338,254,4123.574873
877.746518,226,4124.255593
852.038119,210,4124.873907
306.437553,89,4125.149071
742.322345,190,4125.727785
1307.490263,340,4126.763591
479.077467,123,4127.140968
824.915297,204,4127.752516
1393.266457,362,4147.25286
685.297566,171,4147.771319
784.944179,185,4148.353341
789.226603,210,4148.98777
756.670599,182,4149.529206
600.833915,169,4150.040491
810.821613,201,4150.63556
837.259552,201,4151.248413
743.246305,185,4151.798075
786.805343,203,4152.411381
796.12391,192,4171.118769
761.820596,200,4171.717306
757.541549,182,4172.280945
847.432575,211,4172.92764
156.307824,57,4173.095527
684.798163,173,4173.610021
797.153565,199,4174.222723
744.245721,183,4174.774222
796.242061,194,4175.356568
853.366438,198,4175.949723
830.83127,204,4176.562231
475.284945,128,4195.052621
833.117144,212,4196.006942
872.433978,227,4196.710081
893.190464,220,4197.393837
773.883652,192,4197.981422
847.288584,207,4198.613755
423.182912,123,4198.997678
1186.833867,277,4199.834957
764.11334,184,4200.407816
872.326866,216,4201.063128
1479.881771,389,4220.448639
846.178898,205,4221.068273
572.322672,147,4221.508488
833.953602,210,4222.151726
813.837996,193,4222.73804
774.814552,186,4223.335156
839.586985,206,4223.974115
769.749313,196,4224.574738
975.026467,227,4225.289615
815.636931,198,4225.882845
823.02583,206,4244.93134
477.080503,129,4245.324907
1073.976523,262,4246.123964
832.765998,203,4246.747462
681.545794,168,4247.278703
154.479034,56,4247.451015
801.550959,191,4248.050276
813.863032,204,4248.676848
845.597951,203,4249.306739
150.895536,57,4249.482049
923.648247,223,4250.168738
885.411904,227,4268.813092
833.392145,206,4269.712123
425.178492,116,4270.075272
445.69924,122,4270.448693
948.69432,233,4271.16346
705.282622,164,4271.65723
797.709933,205,4272.278148
1068.153418,266,4273.078361
1270.800192,361,4274.165355
704.625165,177,4274.688028
813.594443,203,4293.285678
861.8452,219,4294.28328
1184.754487,288,4295.164098
479.525297,132,4295.570093
735.557936,174,4296.113656
827.413294,193,4296.701663
1133.601668,272,4297.54041
888.511778,227,4298.241524
840.920532,190,4298.823698
866.442186,207,4299.462922
786.585728,190,4318.280245
806.679471,210,4319.12251
1131.966254,377,4320.277123
879.002767,213,4320.919277
1078.161528,261,4321.713684
794.889705,203,4322.346193
827.039396,196,4322.924672
907.854397,250,4323.697479
961.565255,231,4324.410791
657.135218,182,4343.131618
583.211902,149,4343.678516
775.155966,194,4344.301095
817.856309,193,4344.902111
969.045369,230,4345.604485
835.29982,199,4346.212681
718.668491,188,4346.781856
932.037865,230,4347.503029
1344.519302,359,4348.613998
507.900454,167,4366.659641
746.338846,181,4367.54352
788.62758,188,4368.285122
918.041281,221,4368.963704
705.390367,176,4369.492798
1007.105253,259,4370.275997
902.593217,222,4370.949523
739.184316,174,4371.467198
794.757352,187,4372.037796
1181.003109,292,4372.918459
560.164239,179,4391.057116
725.417611,186,4391.950596
844.115469,216,4392.900016
879.316754,226,4393.600854
575.365669,187,4394.178504
790.131648,201,4394.788809
766.34853,203,4395.423322
769.96138,186,4395.996711
448.642365,124,4396.371733
868.585308,198,4396.971169
1347.869568,369,4415.651296
919.100562,214,4416.6181
707.913204,169,4417.451945
865.000131,221,4418.130599
993.795972,227,4418.814483
1646.616022,500,4420.335432
812.856778,192,4420.918514
555.624716,138,4421.330237
1108.753613,272,4422.139199
861.310133,210,4440.361058
497.230368,173,4441.170305
810.249065,208,4442.160544
859.014118,220,4442.843549
694.299357,182,4443.389932
1441.231208,392,4444.619525
921.775909,231,4445.348027
759.228951,182,4445.935854
752.361391,195,4446.521905
776.953047,194,4464.91252
820.516064,207,4465.888439
908.190176,214,4466.902534
1014.954792,252,4467.674336
799.205498,185,4468.250742
946.647582,234,4468.98579
1157.585795,267,4469.814625
769.970748,187,4470.400815
1103.810186,265,4471.228554
1208.604703,275,4489.936583
654.607076,164,4490.70155
673.80606,189,4491.571737
689.783034,179,4492.123735
772.198798,193,4492.737803
817.453191,202,4493.360963
766.176612,188,4493.944602
1037.91413,248,4494.716374
801.05294,200,4495.336078
570.524373,145,4495.779313
844.794982,200,4514.087746
778.824303,199,4515.023548
1257.888213,325,4516.481749
1065.936779,245,4517.225051
967.65795,233,4517.94437
709.728138,198,4518.541994
471.209212,161,4519.036026
1001.102798,250,4519.785502
671.232169,163,4520.291941
680.480591,173,4520.825531
847.042906,230,4539.26533
619.049111,156,4539.992805
937.370675,232,4541.119187
150.108098,57,4541.295085
766.218617,185,4541.862203
623.75616,166,4542.367604
1194.942015,300,4543.271366
1149.886379,302,4544.186288
749.117545,185,4544.739799
823.003215,195,4545.337282
1102.416856,267,4563.660213
655.425833,162,4564.417413
815.756624,194,4565.343752
857.630183,195,4566.195993
1061.65093,249,4566.974564
798.441979,189,4567.551629
1058.958615,254,4568.333114
656.918394,159,4568.809116
784.470851,189,4569.39336
674.381379,163,4569.87878
