#{"t_start": 1769416271.2372224, "env_id": "CustomWalker2d-source-v0"}
r,l,t
1.849741,19,1.375203
-5.886849,12,1.403176
-1.707768,20,1.451811
0.425804,18,1.494466
0.842112,12,1.521753
12.85819,35,1.617629
-5.1946,32,1.692807
6.212815,34,1.772138
-0.849101,22,1.821505
-2.420958,13,1.852531
-1.104607,10,1.874934
-3.106279,13,1.905029
2.445636,15,1.938779
-4.361788,9,1.959342
-6.174911,14,1.991762
-1.865345,10,2.015454
1.388769,17,2.053659
9.639227,27,2.115991
-3.429751,16,2.151272
0.857881,28,2.214369
3.572169,28,2.276732
-5.623562,9,2.2968
-4.371178,11,2.320918
-5.435171,17,2.359473
15.229034,36,2.441713
6.554358,33,2.517465
5.122861,29,2.592333
-3.198735,9,2.624467
2.074997,16,2.663005
9.38229,30,2.736251
-6.067446,11,2.761847
1.027993,11,2.787105
6.598284,28,2.848522
-2.998173,10,2.871288
0.300445,12,2.898371
-7.250516,10,2.921298
-1.053451,20,2.97074
2.860372,15,3.003967
-2.935608,11,3.028701
1.396938,24,3.081249
4.171584,24,3.151908
2.06366,25,3.228646
0.483964,12,3.277159
-3.088932,21,3.330557
-4.972093,20,3.376817
-0.411862,14,3.409446
4.847416,16,3.459469
-1.053233,28,3.551549
-2.039645,17,3.590952
-0.17626,16,3.630299
0.033575,12,3.66693
-6.376649,22,3.734324
7.402037,27,3.806774
-1.619267,12,3.833921
13.096977,30,3.900846
1.907389,13,3.930428
-0.524941,16,3.968422
5.54258,31,4.065797
-1.334409,11,4.099345
0.94143,25,4.178938
-2.963793,15,4.222079
-0.843302,39,4.378685
-3.002409,17,4.425249
2.166114,16,4.468782
-3.218244,10,4.495891
-5.948362,11,4.525347
-4.73923,15,4.561129
-5.632642,29,4.628628
8.504165,26,4.689039
-8.311163,15,4.723648
-5.028765,18,4.767591
1.411907,14,4.799899
-3.950733,10,4.823029
5.605111,21,4.872946
-3.398234,10,4.89708
-4.778547,21,4.958796
1.246603,12,5.00159
7.030757,28,5.083689
-1.251685,11,5.117404
-3.887377,9,5.140244
-4.904316,25,5.216092
0.603845,18,5.259003
0.24583,32,5.332673
-3.858543,17,5.372338
2.98434,18,5.434512
-1.211334,9,5.455197
-6.044706,21,5.50585
3.192185,14,5.538447
5.347846,18,5.584209
1.741014,19,5.64509
-2.691826,8,5.671553
-8.028,14,5.720239
-0.218008,20,5.790505
-3.950761,13,5.823207
-2.505866,21,5.879099
-5.460057,10,5.908322
6.123264,22,5.969024
21.416425,40,6.068947
-8.58856,14,6.100626
-1.312732,22,6.150579
7.709312,35,6.237868
1.084448,14,6.27684
-0.257743,15,6.328572
-2.097909,15,6.370834
42.875283,50,6.500496
-0.004716,19,6.553007
-1.605132,13,6.588721
-6.150472,17,6.631069
3.307201,27,19.306414
4.110395,18,19.349195
0.726656,26,19.439194
1.847619,13,19.478042
15.046697,39,19.579277
13.361286,27,19.639097
-8.798136,29,19.702754
-1.499054,18,19.743743
10.428322,31,19.815423
-3.451318,10,19.836971
-1.387652,13,19.866443
27.744753,64,20.008911
12.324763,51,20.122514
17.761036,36,20.202188
16.41257,56,20.326272
5.758075,41,20.417243
2.78431,27,20.478121
-2.00898,13,20.507747
8.265801,23,20.559041
-3.629176,12,20.586659
11.312707,28,20.648417
2.015586,19,20.689867
11.760067,61,20.827572
3.206828,27,20.887961
1.629577,31,20.955947
-2.228696,9,20.976298
6.65553,25,21.031453
-6.991095,9,21.051269
5.005551,25,21.106928
5.193427,28,21.169035
-3.409058,21,21.215251
-6.259439,21,21.262083
6.238329,24,21.334432
-0.880191,21,21.392889
2.312891,25,21.44925
3.038459,18,21.495423
11.349943,25,21.570254
3.193974,20,21.614806
-3.175466,9,21.635013
15.891416,56,21.767184
16.877958,41,21.859866
-2.876502,15,21.893347
4.610627,27,21.953197
1.586049,18,21.993843
4.340038,17,22.033203
16.466184,52,22.147503
-2.977161,13,22.175543
-2.962464,8,22.192981
1.720665,18,22.23253
-1.808666,27,22.292784
-3.19966,17,22.331131
12.278306,33,22.404773
13.529941,33,22.478914
3.539891,14,22.51029
-2.817173,10,22.532628
-0.80379,14,22.563194
7.721529,37,22.64609
0.402101,22,22.694206
-6.793988,12,22.720841
-7.660821,24,22.775355
-1.675193,27,22.836571
-6.440512,25,22.891489
11.816488,25,22.948463
14.75659,33,23.022301
2.810081,18,23.062394
-7.5564,22,23.111362
5.641921,19,23.153759
-7.245979,24,23.206742
-3.054709,11,23.231434
4.097085,44,23.32916
-7.841766,16,23.364739
1.906374,27,23.424538
-2.27301,9,23.444504
6.579495,17,23.483227
-9.410525,19,23.541097
-8.212997,18,23.608647
-0.324442,16,23.645077
-2.530415,15,23.678473
4.57993,20,23.72763
4.619478,22,23.777492
2.968097,15,23.811107
1.418433,13,23.841047
5.453304,17,23.879664
3.008773,15,23.913552
-2.27609,12,23.939761
-0.579565,11,23.964502
7.13023,29,35.140267
9.238418,30,35.214809
21.619498,50,35.33661
4.594853,15,35.372593
31.303048,68,35.530452
20.422543,40,35.618188
10.482088,31,35.686497
1.337605,11,35.710867
14.140782,59,35.840241
13.765551,33,35.917722
26.646161,45,36.018909
19.088087,39,36.107294
1.795307,13,36.135672
0.480644,13,36.163619
5.691443,36,36.244692
-0.929515,33,36.319941
124.366684,111,36.570364
-4.115586,23,36.627265
2.001745,17,36.663904
9.82399,26,36.724103
17.540663,68,36.87616
25.643572,49,36.999873
-8.743637,16,37.036159
3.118292,23,37.088534
2.601053,18,37.131241
10.927064,33,37.205328
-1.709252,22,37.259602
1.178395,23,37.313628
-0.994841,9,37.334105
0.787201,46,37.438724
-4.972613,8,37.457146
6.69037,22,37.506672
8.848224,25,37.562397
0.803279,18,37.602636
14.619188,30,37.671612
19.840475,33,37.748549
15.064541,38,37.835653
1.597364,16,37.870185
21.298578,64,38.014508
5.1112,27,38.076094
21.71746,51,38.190665
23.825034,46,38.293381
9.76166,52,38.409439
18.587261,41,38.501354
3.571298,16,38.537601
2.151988,18,38.578163
19.185483,42,38.67329
1.434664,17,38.712345
10.952598,32,38.795364
-4.751321,23,38.86233
26.52837,46,38.995548
-2.832473,20,39.049719
-1.468498,17,39.093791
10.819859,29,39.188126
-3.429991,26,39.261497
-3.589301,16,39.306841
-9.074532,18,39.352332
11.855587,34,39.437741
0.704847,11,39.462628
10.284482,49,39.577144
19.118449,56,39.704632
1.543161,14,39.737903
-0.60869,14,39.77282
6.887044,25,39.830823
17.912819,56,54.798862
8.629994,65,55.026308
33.235332,54,55.192162
202.575828,125,55.527137
51.051271,120,55.850937
9.188758,42,55.952387
7.562979,33,56.030879
16.09216,43,56.140995
6.374084,37,56.251834
26.47624,76,56.469236
107.410561,149,56.82999
11.164972,50,56.943895
8.050878,53,57.067613
21.702746,65,57.255142
0.792046,23,57.310797
10.141928,36,57.391853
29.740037,62,57.536009
63.130656,109,57.791202
23.118673,51,57.909963
6.97582,37,57.995959
7.122604,21,58.046512
48.254391,69,58.208242
3.991657,24,58.265103
22.594852,74,58.45746
-4.06269,13,58.488072
16.053037,65,58.637626
20.975091,38,58.724493
1.773939,27,58.788371
20.197704,48,58.902782
0.206373,14,58.93771
19.679493,44,59.042167
9.96836,45,59.147019
11.696064,46,59.25293
2.817689,15,59.287672
25.299746,38,59.402508
23.877347,37,59.489674
23.60485,56,59.621192
12.768806,75,59.79812
25.553049,46,59.901314
232.641029,163,72.768172
41.254169,71,72.948527
16.308254,83,73.152517
34.628559,56,73.288366
24.504589,66,73.442278
71.920341,70,73.607499
280.731663,237,74.182572
21.518418,52,74.312909
35.950673,69,74.489553
56.771011,78,74.687515
-6.07211,12,74.717897
51.237297,65,74.879906
8.464825,38,74.973505
-3.135746,8,74.995497
90.158905,131,75.319695
11.397886,23,75.374749
122.702683,169,75.783756
236.741081,180,76.21298
210.54699,144,76.55913
90.278347,105,76.814314
65.403851,166,77.238749
14.055785,53,77.387037
80.655835,117,87.995845
31.533951,111,88.275429
284.072738,189,88.786712
474.474345,364,89.775324
78.118873,200,90.306617
223.105509,193,90.804798
17.413268,32,91.018265
213.637962,164,91.424195
268.556505,162,91.802629
305.534381,242,92.403005
22.875403,62,92.563725
26.345085,92,92.792918
275.366635,180,106.034599
36.283178,60,106.205456
231.074917,164,106.60811
266.107549,166,107.015813
167.390941,219,107.536654
348.029922,230,108.08066
320.121654,153,108.451148
464.538044,391,109.420251
72.208875,121,109.715994
288.254767,241,110.291806
216.04668,137,110.625929
197.210526,244,124.004646
234.676173,136,124.338916
186.822594,298,125.045716
296.641601,191,125.497744
230.793532,138,125.825734
248.100329,158,126.204087
184.206978,108,126.487909
110.759387,161,126.966006
186.022277,142,127.30484
159.72582,94,127.535815
49.361245,156,127.920727
227.314494,145,128.261355
281.203686,193,128.792536
215.436012,124,143.301743
173.284692,169,143.718804
92.445258,104,144.031724
210.59181,121,144.524896
252.787745,148,144.990675
290.963255,167,145.461504
283.260649,194,145.96696
211.187647,135,146.283176
231.809188,135,146.633186
119.717153,238,147.317946
437.94288,390,148.343474
236.676719,141,163.940553
331.307809,234,164.574764
239.902506,178,165.023369
203.288264,122,165.33421
215.106484,133,165.652548
211.173775,140,165.99436
239.550544,136,166.32322
227.940579,130,166.623931
246.303217,193,167.08625
266.902163,148,167.526681
241.75597,142,168.047814
160.246679,112,168.461234
373.590469,250,169.30733
286.12867,153,184.87323
195.181307,111,185.30283
206.289278,118,185.670363
218.126148,167,186.137991
315.038734,229,186.812156
174.895985,106,187.095136
277.264215,174,187.626387
271.677393,182,188.271572
148.891062,86,188.502478
221.278549,132,188.860981
228.675946,138,189.232655
263.96717,180,189.855245
224.250605,152,190.334973
259.372465,146,190.751552
292.657014,166,206.140343
241.029687,130,206.506507
241.3028,144,207.010757
309.056327,165,207.497422
315.478287,197,208.049999
213.757888,119,208.348815
78.976371,93,208.584383
382.396142,273,209.413728
209.964824,127,209.821051
230.549182,121,210.238833
242.380379,171,210.786158
244.620377,127,211.164382
260.623276,150,211.629419
323.573619,203,228.610132
188.328393,110,228.944641
367.390809,222,229.506857
250.177032,126,229.866401
211.035771,118,230.160288
237.971459,130,230.534047
250.55572,162,230.95172
264.479927,161,231.344342
278.904893,164,231.807378
241.615512,132,232.159764
210.000157,131,232.591455
204.165923,121,233.018026
313.220571,163,233.524855
209.410279,111,233.921122
272.914438,141,234.32964
292.524283,203,252.247725
223.697558,116,252.553722
381.466481,227,253.140585
194.333778,104,253.410848
128.574773,83,253.650222
223.153984,113,253.972981
254.439626,148,254.375323
221.388099,115,254.678746
285.340649,148,255.108903
168.955161,105,255.366924
244.36298,164,255.83998
237.00488,127,256.177858
220.80784,126,256.576899
224.444916,117,256.876019
289.792504,162,257.31968
310.792266,152,273.040602
296.583114,147,273.579493
257.565527,161,274.137016
280.599855,156,274.593889
297.832756,148,275.025755
262.225659,131,275.592062
194.423651,106,275.973028
269.558822,142,276.396571
286.44164,146,276.816111
285.695798,197,277.364351
204.388271,107,277.675877
312.55521,172,278.182671
192.76733,117,278.597394
316.203332,163,279.024136
235.640905,127,294.808968
181.364787,109,295.082929
311.339282,159,295.444512
278.748586,136,295.771489
224.881787,117,296.047102
294.623247,164,296.524136
268.088324,119,296.816161
274.819331,132,297.128977
259.189484,140,297.462347
272.721737,140,297.785533
323.826456,153,298.145855
228.613062,126,298.482024
293.928074,156,298.849602
217.386035,115,299.121698
298.566983,149,299.467466
185.864287,104,314.663882
234.538665,119,315.013275
279.427603,156,315.444049
179.45952,94,315.691757
257.722853,139,316.06086
169.583381,89,316.292696
179.236705,101,316.602901
257.421331,161,317.190931
203.802893,100,317.523095
234.373684,119,318.130677
228.750233,116,318.643351
221.867786,120,319.040439
247.477943,128,319.50827
257.609008,134,319.937718
315.834559,146,320.384754
334.749499,162,320.924592
346.494449,159,337.30204
311.080764,145,337.683272
213.783292,103,337.941731
234.649567,114,338.32268
356.689935,200,338.876186
283.67301,143,339.292359
273.330653,132,339.614649
326.870356,156,339.999267
299.269213,156,340.388924
252.360932,128,340.706499
340.401304,169,341.1476
313.540137,161,341.601257
219.062137,104,341.861311
347.336336,178,342.298037
270.414085,137,357.333531
282.295972,129,357.669968
310.732175,154,358.082441
272.23765,130,358.406991
242.793356,119,358.70488
335.518646,170,359.123262
181.57889,105,359.426226
261.503449,134,359.78389
303.471911,147,360.14587
270.735889,134,360.499347
297.432538,127,360.838839
325.92475,142,361.17609
265.682007,125,361.496464
301.482647,132,361.861681
327.831665,160,362.246468
153.686203,84,377.402032
234.959458,109,377.733321
273.985764,121,378.022549
356.494398,174,378.429392
243.678287,123,378.700958
209.492677,106,378.942702
362.477888,173,379.334048
305.741855,123,379.645072
302.063893,127,379.934
311.003006,155,380.294243
308.710654,147,380.67329
271.006542,126,380.980621
255.343809,114,381.257265
315.898059,141,381.624117
279.416502,130,381.991947
265.028781,124,382.322968
370.232491,168,398.408709
315.966757,158,398.844539
324.71412,148,399.242541
310.560208,144,399.635115
333.157696,141,400.030526
300.949606,137,400.378578
292.612575,126,400.709988
373.214928,161,401.155902
262.709324,126,401.468039
397.37668,171,401.914514
308.189761,134,402.31292
316.731442,143,402.80236
320.67995,140,403.189245
295.411005,150,403.569755
349.694791,159,417.972146
314.915706,151,418.316086
299.679728,129,418.644428
327.84159,149,419.012765
314.925279,123,419.305463
392.223525,161,419.731869
308.644557,134,420.098683
314.865133,143,420.450541
295.851754,129,420.782222
297.44389,132,421.14591
282.931624,140,421.510461
335.991502,182,422.000499
403.766893,188,422.72546
236.905767,109,423.082311
288.698206,126,438.512186
297.960308,127,438.838835
330.140662,146,439.17843
328.05051,137,439.482772
342.670762,148,439.83087
306.237066,157,440.185569
415.722423,167,440.601278
316.79977,142,440.921168
358.039608,144,441.247994
284.240088,115,441.504525
331.06034,143,441.8455
341.217547,147,442.17896
341.263066,161,442.538665
361.054383,161,442.983706
330.069318,144,457.473819
332.082863,145,457.84786
214.421601,99,458.086925
356.970432,156,458.475629
303.413725,136,458.79357
361.64963,150,459.14243
345.065203,150,459.486035
383.556611,180,459.892059
372.61609,168,460.286021
387.543628,178,460.719714
334.72726,151,461.069475
252.137288,111,461.320684
362.432735,158,461.673614
317.426146,135,461.997275
330.43565,143,476.828456
320.984848,136,477.264868
289.951449,122,477.57685
350.222471,149,477.940053
351.595376,149,478.276537
287.938134,115,478.589271
338.488967,149,478.98037
359.004935,144,479.335152
309.5706,125,479.63784
287.220753,127,479.962648
350.255617,140,480.319806
376.068706,148,480.711438
342.414908,140,481.097065
315.97369,135,481.399456
373.926146,165,481.839267
328.639156,132,496.269574
221.520295,101,496.623456
370.725773,148,497.068166
343.496707,147,497.453211
310.735372,135,497.802358
338.847772,153,498.246169
304.696627,130,498.594923
341.067932,138,499.004693
319.479073,132,499.416644
345.365954,141,499.886602
383.23335,159,500.394888
286.81737,115,500.717442
377.902602,144,501.095947
382.117079,169,501.525007
245.429997,125,501.814694
353.596682,151,517.352401
317.76487,137,517.741327
333.042228,149,518.249427
362.983347,159,518.662299
365.882969,150,519.031169
322.263134,138,519.363183
349.055914,139,519.702975
309.031794,132,520.054646
337.56041,143,520.395592
356.080136,142,520.744151
369.642383,151,521.094311
374.515057,162,521.49261
343.748683,143,521.841198
179.824112,88,522.051725
356.30624,155,540.287786
333.584287,139,540.696638
362.62844,135,541.244642
340.472755,142,541.64951
361.173454,153,542.081964
389.088438,147,542.48363
278.096612,128,542.810551
430.451703,170,543.271584
285.289906,121,543.582308
343.71054,130,543.925889
370.519189,133,544.334729
376.01131,143,544.715639
292.424959,121,545.045333
362.963267,149,545.413427
381.05948,156,545.779316
408.554875,167,562.057218
337.705875,129,562.442374
320.56076,135,562.869644
431.230149,178,563.324886
328.161619,128,563.674328
345.771769,142,564.121758
428.176585,172,564.849433
355.815394,136,565.340534
353.578727,159,565.762775
387.884599,158,566.195613
353.380535,136,566.595358
385.090687,163,567.043778
355.358003,139,567.360318
355.766555,139,582.726943
318.246536,133,583.106192
324.230739,139,583.464197
328.945099,137,583.832075
348.190728,143,584.182238
264.925798,116,584.539352
425.054854,164,585.333792
359.770056,135,585.740141
312.181124,122,586.097493
365.21604,144,586.46286
357.243164,145,586.854674
363.847645,138,587.321337
339.158259,136,587.654402
339.437269,135,587.959189
351.050244,137,588.292795
481.295838,184,605.544124
377.316041,144,606.036056
384.32225,147,606.484958
375.723865,136,607.032006
368.804564,139,607.494656
428.548603,156,607.906877
350.735613,140,608.283411
420.612238,156,608.714841
371.555051,142,609.198979
397.688398,147,609.665425
365.139775,146,610.116687
391.784784,152,610.510725
332.45088,130,610.83553
368.313167,152,611.200894
371.22516,150,626.820284
365.061644,137,627.158799
333.958982,127,627.4461
314.834188,123,627.765901
459.627274,165,628.13739
412.573031,144,628.481104
386.568806,144,628.803731
380.050189,143,629.124755
377.162402,151,629.466717
185.488003,84,629.652464
355.535796,139,630.00936
413.484159,148,630.344556
425.634329,177,630.759823
436.749779,173,631.151903
336.013732,124,643.708257
394.082009,142,644.119436
431.895578,176,644.523209
461.52264,174,644.930887
431.618666,150,645.267
403.96425,149,645.637581
453.141615,169,646.019549
425.422781,156,646.384087
431.403255,158,646.764832
384.356502,143,647.080782
403.208302,149,647.416111
338.708529,129,647.734138
335.887021,127,648.023307
322.752182,135,648.349367
392.763001,156,662.959783
454.098753,189,663.454671
426.55153,154,663.86728
354.882715,133,664.243306
372.775569,137,664.638238
460.409136,159,665.046766
378.644244,142,665.466399
403.274729,154,665.886265
440.878258,154,666.251634
354.753262,127,666.585217
340.908655,130,667.001812
385.764031,135,667.363246
403.975778,143,667.704693
487.198,160,668.136125
379.282268,142,682.54252
387.715727,131,682.858318
409.293423,147,683.19169
452.681554,165,683.56221
451.17277,152,683.968233
488.907726,179,684.367349
423.821352,161,684.728126
383.678453,142,685.053168
460.512577,155,685.398633
399.43679,146,685.740059
421.69086,143,686.100097
382.70233,133,686.40022
415.220276,148,686.731959
416.435908,153,687.076861
395.643382,136,701.062274
425.458581,146,701.395809
446.540881,143,701.757949
371.92843,129,702.07139
421.151603,144,702.391176
477.601835,167,702.76507
362.285205,125,703.158748
433.105886,139,703.514136
427.566581,148,703.863221
407.992618,147,704.236354
384.762874,132,704.633715
401.077901,137,704.945368
474.439666,160,705.31187
398.534866,149,705.64404
366.629256,128,719.194636
394.864205,143,719.528935
427.027702,154,719.919935
444.266857,151,720.368786
404.494451,146,720.720149
459.242032,156,721.073649
448.933465,137,721.384067
461.26266,158,721.743845
372.873261,129,722.065405
427.20924,147,722.405626
413.463671,134,722.727656
440.783797,142,723.059572
488.248694,174,723.475588
486.488556,166,723.859758
449.091467,156,737.667463
432.485644,152,738.014377
444.075938,158,738.376072
431.021956,149,738.717373
398.855424,132,739.03552
447.870354,150,739.373806
474.340859,157,739.762688
464.798572,145,740.09663
461.81518,143,740.421206
468.944764,150,740.763336
432.918661,152,741.121872
512.746576,163,741.491878
420.15632,150,741.833977
478.743929,144,755.864852
438.369261,146,756.295791
472.4169,148,756.631531
509.174559,168,757.018656
541.022585,182,757.45004
477.374323,158,757.873422
496.85975,158,758.23791
363.325331,129,758.532529
416.699895,142,758.875058
439.301645,147,759.207695
398.390235,131,759.579566
424.929302,149,759.978239
433.288339,144,760.322384
420.927157,129,760.615527
0.953689,18,760.656974
564.025178,171,774.494622
501.011481,153,774.861648
529.618999,154,775.208951
403.70117,142,775.776635
478.326315,155,776.129944
444.383134,143,776.458178
508.699707,159,777.131598
394.955415,130,777.431464
527.480186,173,777.871964
478.144685,153,778.227862
465.673427,163,778.731857
423.138127,138,779.245496
435.406628,141,779.723274
479.014347,150,780.118683
441.395062,151,794.598366
496.068027,149,794.988763
419.444963,145,795.334383
448.119973,151,795.702929
477.263975,155,796.201659
557.67932,161,796.567143
389.972391,127,796.879382
467.037124,149,797.327075
394.363881,139,797.669839
489.524727,155,798.079165
456.374754,148,798.461015
492.438935,158,798.949241
533.262755,158,799.312763
465.146868,148,815.481524
518.195617,156,815.960421
477.962705,153,816.400615
536.024459,153,816.811937
576.95547,167,817.23893
474.668089,143,817.628861
480.868526,144,818.039981
458.841611,149,818.511398
429.067707,140,818.931478
525.283156,153,819.347344
464.507358,136,819.704804
473.826254,145,820.084856
522.23918,155,820.534684
476.220992,148,820.957915
509.663488,165,839.428246
443.496082,141,839.834484
489.309493,141,840.226798
461.396356,145,840.617609
547.41892,175,841.207563
549.037301,159,841.684353
605.972464,176,842.189266
537.013494,159,842.633962
472.2418,153,843.062113
454.84949,145,843.519593
504.234687,157,843.970501
374.298514,122,844.258999
476.811784,150,844.592432
485.629601,146,860.370496
359.866558,114,860.737543
393.978688,132,861.078606
485.749999,148,861.451299
558.198589,156,861.837267
559.825831,164,862.230422
518.165681,152,862.589401
410.053266,130,862.891624
497.468856,147,863.231305
521.256889,163,863.601579
391.167703,121,863.897277
459.239484,152,864.24054
436.743603,148,864.62604
334.81409,115,864.893663
479.343284,153,865.283871
538.006373,160,880.560803
528.993958,154,881.002805
545.93818,177,881.6237
150.688911,61,881.80308
479.646319,143,882.239262
547.563947,159,882.642476
435.500947,128,883.177902
445.935571,134,883.540058
463.080613,144,884.059933
506.287982,153,884.540011
575.737906,162,884.973996
419.747428,131,885.343807
474.639417,142,885.706882
543.148243,151,886.102684
563.02318,159,902.727172
508.958804,154,903.128917
540.110235,154,903.500896
556.342122,154,903.873848
462.95484,146,904.269064
542.239648,152,904.654258
524.83806,145,905.157509
429.262775,133,905.490242
640.266284,185,906.001437
505.837815,159,906.388521
443.485523,134,906.732336
524.264057,148,907.10826
435.734867,134,907.413141
483.121025,138,907.726088
508.342996,149,924.133121
507.944776,153,924.545656
598.592421,169,925.1118
496.755017,148,925.648308
534.136648,159,926.088164
532.195277,155,926.553641
446.650215,137,927.022742
554.643755,164,927.508917
574.178249,157,927.88891
530.316329,151,928.237567
503.561974,158,928.595661
463.874399,135,928.908472
532.085775,153,929.276051
538.320129,157,945.670259
548.340258,152,946.076737
562.075108,158,946.514987
609.467065,176,947.132049
578.405671,156,947.768524
517.044582,152,948.192839
592.576607,163,948.6262
520.449234,148,949.055483
494.744703,144,949.81296
602.245239,158,950.488312
447.229605,134,950.98697
596.942775,160,951.64966
572.354735,164,952.302865
548.79025,159,970.221112
611.562709,172,970.697986
554.513101,153,971.046251
549.251556,156,971.393908
530.463976,144,971.711139
442.450919,131,972.005441
573.719275,156,972.353326
586.582687,163,972.761057
577.668859,166,973.129637
570.332787,158,973.481369
585.109024,168,973.876997
542.773052,152,974.225669
531.709998,150,974.562848
502.107058,151,989.970471
622.01936,163,990.534872
605.630773,159,990.930114
468.910292,143,991.290661
608.472928,171,991.708959
507.192735,148,992.06368
507.388123,143,992.426672
599.221148,163,992.82477
565.501601,156,993.219957
544.028114,161,993.629022
574.224301,157,994.02039
523.8804,144,994.367931
607.768243,165,994.777378
554.738004,152,995.179689
573.426609,160,1010.958357
510.318616,141,1011.571801
602.567853,163,1012.189273
610.664715,166,1012.691417
579.949464,160,1013.176627
350.724217,117,1013.463645
610.914659,166,1013.852967
557.138553,158,1014.226359
633.281333,182,1014.713501
520.420406,149,1015.199004
551.836758,156,1016.123183
572.667435,155,1016.626308
453.76332,137,1017.005481
431.984942,133,1033.686052
533.370094,153,1034.371455
538.805337,145,1034.755895
539.683466,151,1035.161541
641.411377,181,1035.6054
639.372867,167,1036.047083
619.316151,170,1036.503291
573.167652,160,1036.910296
552.479257,151,1037.276855
648.727914,176,1037.763375
544.00316,143,1038.151592
594.347619,160,1038.573341
621.376942,173,1039.036932
566.704126,155,1054.391234
620.100368,167,1054.795631
603.639394,170,1055.225042
659.242356,186,1055.874021
524.223552,152,1056.621279
554.419896,154,1057.080278
570.103937,155,1057.516564
594.826436,166,1058.16353
474.629405,141,1058.641652
611.659771,160,1059.121798
553.53116,167,1059.636336
528.180593,144,1060.124979
514.475623,143,1060.548975
628.452374,170,1076.034962
592.373557,162,1076.537913
568.976337,157,1077.097798
629.049309,178,1077.595638
569.324694,154,1077.99471
610.774584,163,1078.410093
591.026869,165,1078.856683
612.748176,169,1079.263231
551.247476,147,1079.605211
592.867287,169,1080.040133
669.204485,187,1080.743295
570.141853,146,1081.247082
572.580155,154,1099.230875
520.401237,145,1099.753168
618.369347,164,1100.224912
568.928711,158,1100.657297
581.511092,164,1101.03393
564.227856,161,1101.453818
651.316746,168,1101.976952
554.511472,150,1102.36339
570.404221,163,1102.734416
613.768791,170,1103.137344
586.110737,158,1103.548065
595.043182,161,1104.120436
621.318041,168,1104.562794
585.068452,156,1121.607976
600.722823,167,1122.171951
602.403658,165,1122.604512
581.462446,162,1123.135885
692.439032,182,1123.606369
633.404956,175,1124.078547
654.092496,177,1124.576408
576.891834,154,1125.00078
613.959092,158,1125.461458
591.17841,156,1125.922057
556.588885,151,1126.474304
601.446634,159,1126.875237
589.520601,157,1127.22842
600.242999,161,1144.13218
637.386663,170,1144.528396
609.195158,163,1145.129784
585.561317,157,1145.547075
559.858689,159,1145.957585
583.332178,168,1146.351854
566.788647,151,1146.708767
625.2554,172,1147.15119
591.456207,158,1147.526785
685.770069,186,1147.95433
602.891152,162,1148.368545
530.660321,142,1148.704804
612.541361,183,1164.886993
677.545651,175,1165.529867
682.283907,182,1166.165052
631.882521,170,1166.715917
607.154484,163,1167.542878
649.00307,173,1168.114368
584.369398,159,1168.529161
609.782369,168,1169.186097
588.542462,158,1169.75588
555.954549,148,1170.153319
616.044117,167,1170.572669
647.796396,163,1170.987463
621.00449,166,1188.159627
599.774652,158,1188.607866
624.497312,164,1188.98908
542.204987,144,1189.316105
596.528665,160,1189.680386
654.45725,178,1190.097185
640.377449,172,1190.490659
596.229307,165,1190.857289
606.78247,159,1191.206636
596.115273,156,1191.586591
655.69476,178,1192.037213
572.209037,150,1192.42983
644.640446,171,1192.888183
598.493739,162,1207.884908
550.747211,145,1208.319468
626.811659,163,1208.750017
575.42838,150,1209.087145
562.010944,144,1209.409301
648.894551,165,1209.795809
686.190728,184,1210.394299
568.803223,147,1210.898206
642.118119,164,1211.383356
569.105456,150,1211.838771
557.94656,147,1212.246491
635.070274,167,1212.690877
620.761644,166,1213.150388
667.9921,191,1230.879102
666.704366,180,1231.38361
670.14493,181,1231.806136
661.598994,185,1232.246614
603.193498,161,1232.802138
581.925159,154,1233.272904
594.495422,163,1233.676592
596.416793,169,1234.158999
608.011206,161,1234.569071
620.723243,165,1235.085339
659.257192,174,1235.646954
589.859897,159,1236.051574
603.358682,168,1252.885903
661.016702,177,1253.329904
648.35915,173,1253.814227
630.503278,173,1254.448246
479.314248,130,1254.800504
589.147316,158,1255.303078
466.183724,133,1255.652037
708.874301,179,1256.164025
628.482599,166,1256.72155
619.117796,164,1257.142241
626.515917,164,1257.609711
663.717092,177,1258.069865
621.431945,163,1276.100195
668.147369,182,1276.788641
675.720016,177,1277.380114
641.944491,167,1277.883636
628.863564,165,1278.49058
595.772851,157,1278.933839
638.207833,166,1279.333892
656.42978,168,1279.708912
619.383503,168,1280.079891
658.965583,191,1280.499876
596.159871,157,1280.864315
643.35047,169,1281.23521
615.84969,170,1281.613435
658.379058,173,1293.653646
646.531956,167,1294.036437
630.253004,168,1294.425876
673.940987,187,1294.835788
710.015522,188,1295.254576
673.479124,196,1295.692028
662.731037,179,1296.09335
641.572639,171,1296.488044
652.544043,178,1296.878546
593.214305,156,1297.223158
507.250941,134,1297.517777
687.275005,180,1309.460557
610.373063,173,1309.937713
565.20716,147,1310.266716
639.881074,158,1310.612641
634.526956,166,1310.980604
628.608684,164,1311.373728
688.864332,186,1311.796585
664.444926,173,1312.378963
595.005397,157,1312.872607
656.131683,180,1313.285924
593.51676,176,1313.708104
638.431717,171,1314.087045
664.315359,173,1326.356247
667.790477,174,1326.823719
482.696823,138,1327.12849
698.115462,184,1327.528351
669.286879,186,1327.962328
631.719247,163,1328.326843
767.491918,202,1328.77457
584.100992,153,1329.118441
697.229383,183,1329.532122
621.361434,161,1329.931823
673.805968,187,1330.372076
631.286233,169,1330.740666
594.88316,151,1342.308702
666.818974,173,1342.756686
621.346412,165,1343.120961
658.925715,177,1343.524564
696.392389,198,1343.960063
667.891818,177,1344.350489
748.885304,198,1344.785066
645.304526,177,1345.172147
621.20076,163,1345.543515
636.096775,162,1345.900051
689.729201,183,1346.304276
638.737865,185,1346.707187
658.827506,173,1358.510375
632.353065,167,1358.922693
672.106089,180,1359.327217
677.464622,179,1359.718563
619.179978,171,1360.092388
533.15546,140,1360.402522
663.139333,181,1360.803289
645.889101,173,1361.193697
622.577634,160,1361.544959
636.293304,170,1361.91617
635.825811,162,1362.267385
641.731716,156,1362.612749
644.625247,166,1374.136421
622.651742,161,1374.545529
605.657882,163,1374.910993
645.50937,171,1375.282219
706.252003,186,1375.688853
656.485387,169,1376.060424
662.037014,179,1376.557138
658.634739,168,1376.972442
604.057607,154,1377.317183
618.267962,150,1377.652817
654.87317,173,1378.049267
758.093541,197,1378.484105
554.126664,145,1390.860454
643.291271,183,1391.346168
665.011191,174,1391.734805
576.118798,152,1392.069539
650.053275,170,1392.457953
630.785133,165,1392.829121
614.162848,164,1393.20204
631.863698,165,1393.575612
666.187148,173,1393.959517
802.717264,203,1394.413764
787.303687,209,1394.895484
665.987306,173,1395.289074
672.202515,174,1407.050483
804.387413,207,1407.52802
848.287625,211,1407.997067
737.41156,197,1408.440784
819.923046,218,1408.920925
654.734445,170,1409.294429
688.991041,179,1409.691511
684.737355,177,1410.08687
753.27776,194,1410.530766
504.435006,140,1410.840325
628.792959,164,1411.206062
656.935732,174,1423.091336
723.275079,202,1423.585507
611.674337,156,1423.955996
596.325999,155,1424.298661
805.4965,206,1424.762501
654.972272,175,1425.161181
592.972009,153,1425.505064
645.088686,169,1425.890136
609.453155,160,1426.261097
597.39524,157,1426.61852
637.30003,161,1426.975222
604.531348,157,1427.32327
637.570514,161,1438.712604
808.188447,205,1439.387735
655.176975,161,1439.82168
575.801062,152,1440.1607
742.806439,185,1440.569324
664.409248,170,1440.968812
636.318702,160,1441.331499
825.705964,226,1441.855301
735.969992,187,1442.273804
613.72757,157,1442.615768
628.93932,167,1442.9823
677.972397,175,1443.364903
720.094946,183,1456.675668
647.629999,175,1457.087883
723.188727,197,1457.572253
680.878479,173,1457.955925
537.894706,138,1458.259763
632.611256,171,1458.652711
740.520489,190,1459.079099
593.81605,151,1459.420195
848.473622,222,1460.048976
666.351655,170,1460.433113
622.079177,166,1460.816322
717.718757,185,1461.226928
778.516409,197,1475.572562
828.555271,206,1476.039058
837.474039,208,1476.491659
836.063504,205,1476.947209
720.849555,180,1477.363566
677.018055,171,1477.791984
838.352701,219,1478.273403
556.437723,147,1478.599536
619.828805,161,1478.95357
650.160348,166,1479.338211
743.709697,200,1479.817199
703.226698,177,1493.914165
620.839408,159,1494.272797
804.028759,214,1494.74461
765.350493,197,1495.180035
454.421858,124,1495.538748
653.382292,176,1495.999759
664.394254,182,1496.543623
666.039212,174,1496.962715
777.144024,199,1497.811537
602.919785,156,1498.713912
652.585827,166,1499.469426
676.7649,176,1518.424819
789.632064,207,1519.06397
823.107948,206,1519.608212
599.945857,154,1520.024901
553.666147,142,1520.427061
853.93065,223,1521.034948
843.010599,210,1521.55615
881.582434,230,1522.079898
594.964306,152,1522.435266
809.091068,197,1522.908333
872.230419,222,1523.400186
783.266671,207,1537.470181
699.149965,203,1537.918498
852.621251,212,1538.415171
623.147918,164,1538.811198
852.050661,209,1539.273411
847.296875,214,1539.744375
698.343915,197,1540.179901
672.885895,182,1540.615494
798.919503,203,1541.149865
808.149615,202,1541.595955
622.378276,169,1555.892743
830.028437,205,1556.407197
620.742913,163,1556.765588
846.292908,218,1557.260427
639.272871,161,1557.614804
805.059963,208,1558.079953
796.695701,221,1558.620374
729.500084,193,1559.052371
767.240041,188,1559.484061
802.043512,201,1559.923266
649.7618,171,1560.299917
840.188679,211,1574.223654
643.927005,164,1574.599051
740.565295,185,1575.037423
816.300799,208,1575.521709
863.853701,224,1576.016594
808.895962,209,1576.511526
788.807989,201,1576.978862
680.312248,176,1577.375268
566.802271,150,1577.783958
776.944891,195,1578.308548
862.795421,236,1593.629359
725.610629,185,1594.15065
912.669286,234,1594.754638
735.935696,188,1595.192419
818.583402,206,1595.647611
802.641673,215,1596.142995
715.958795,191,1596.59954
840.38153,208,1597.116416
868.755542,229,1597.698974
736.64267,185,1598.171013
831.416521,220,1613.50601
885.16856,220,1614.144262
859.283995,219,1614.748052
630.12733,161,1615.155385
887.466752,225,1615.707097
838.38631,204,1616.408662
853.243248,217,1616.984249
727.670898,185,1617.392273
812.820257,218,1617.877308
818.298515,200,1618.322382
921.921184,250,1635.465222
906.548601,225,1636.274192
897.597907,226,1636.846424
778.98859,204,1637.431808
896.482337,223,1638.002381
758.536784,197,1638.492206
854.58805,211,1639.03697
893.556707,224,1639.629112
800.886021,198,1640.111505
511.076517,140,1640.445396
672.120748,167,1657.127202
491.348538,142,1657.744917
899.877516,234,1658.380737
858.361817,226,1658.958279
820.806638,204,1659.47846
854.589256,208,1660.117769
870.531551,216,1660.647168
836.049353,214,1661.205407
861.66094,230,1661.741084
863.169889,219,1662.458841
780.079382,191,1678.161041
895.604953,231,1678.705652
906.04447,230,1679.222449
891.526647,229,1679.741617
815.706999,219,1680.274998
934.797095,253,1680.834728
917.216072,233,1681.351903
837.860048,228,1681.873057
701.899184,175,1682.336603
675.377874,186,1697.185754
915.08065,241,1697.830629
905.769455,233,1698.47353
884.339685,229,1699.012169
637.969989,162,1699.391007
702.237647,176,1699.852103
902.487656,230,1700.450883
880.192315,213,1700.950288
837.332611,209,1701.429323
862.20705,212,1701.913795
885.411173,227,1717.49702
873.868859,229,1718.026293
898.260696,233,1718.581943
852.272518,228,1719.106865
861.528811,223,1719.609435
923.649282,245,1720.166296
852.391235,221,1720.766167
907.948176,236,1721.372616
888.523136,239,1721.982635
879.148691,220,1738.60356
887.642859,223,1739.167761
820.737193,220,1739.691952
882.054129,212,1740.18173
785.993687,205,1740.697754
855.228873,223,1741.27436
850.345354,221,1741.865907
908.299462,230,1742.377434
884.648702,222,1743.012003
926.180964,232,1758.29221
772.96922,201,1758.936449
888.054423,228,1759.591283
882.749662,228,1760.172323
832.375617,215,1760.901185
912.934725,223,1761.423695
879.290087,217,1761.941631
912.944617,232,1762.552158
920.405762,237,1763.167871
908.851345,235,1779.106328
885.127862,218,1779.631446
919.977886,219,1780.152461
828.313266,202,1780.643272
903.308416,238,1781.240558
904.902048,230,1781.752601
939.444541,236,1782.289011
903.836084,231,1782.844157
634.552716,163,1783.221209
906.487468,230,1783.791374
901.401484,231,1799.296963
935.405375,222,1799.805216
887.146981,224,1800.312261
1251.080163,331,1801.098341
570.325112,146,1801.463675
899.109637,227,1802.00199
1006.388066,246,1802.585105
670.715731,165,1802.968134
1068.41928,263,1803.655141
966.518942,236,1819.110127
825.676064,206,1819.686449
920.468786,228,1820.275035
919.972018,236,1820.808726
857.853602,227,1821.315643
837.606202,213,1822.06142
940.092717,234,1822.695429
943.324753,244,1823.31345
946.787767,231,1841.500494
604.3409,154,1841.971073
815.337258,194,1842.556268
1011.441995,254,1843.197493
538.651936,145,1843.566191
1027.588179,235,1844.160432
894.175921,229,1844.740263
975.079267,239,1845.283381
906.726305,229,1845.792542
925.299987,228,1846.315458
934.047162,229,1862.116022
884.591114,221,1862.914192
1031.909005,253,1863.505624
931.437318,232,1864.041299
861.059592,213,1864.666827
942.435123,241,1865.267203
962.801992,224,1865.83164
1009.032409,249,1866.50963
887.359679,224,1867.141956
983.427765,233,1883.801495
1031.8455,257,1884.373534
1007.784406,257,1884.978395
981.430317,240,1885.531967
839.144754,208,1885.996599
934.23619,254,1886.572664
936.360964,244,1887.149956
1014.228426,270,1887.766405
995.569335,256,1902.164163
941.877175,240,1902.714557
967.255226,227,1903.255805
1112.923074,279,1903.886337
1071.327981,259,1904.460807
932.298376,223,1904.985739
1051.644812,269,1905.713241
962.584117,236,1906.232651
948.857763,228,1906.733103
651.82093,170,1921.526692
1045.590396,248,1922.138849
885.670428,233,1922.755205
1033.944781,255,1923.479533
907.634743,229,1924.101177
1010.732921,246,1924.766266
899.01081,215,1925.360384
962.086182,254,1926.053844
938.986683,237,1941.844895
918.124822,223,1942.972343
915.847839,229,1943.596761
931.877083,222,1944.137695
1025.65818,243,1944.758636
809.271881,194,1945.199465
957.771398,241,1945.781823
887.296747,221,1946.270535
939.285703,229,1946.878877
906.760017,231,1962.679657
937.999436,224,1963.331064
1008.181541,253,1964.011053
933.792036,227,1964.548948
983.985284,234,1965.122034
922.479654,233,1965.702922
990.579138,243,1966.326714
1050.553387,269,1966.957415
1026.902674,252,1967.632617
611.215636,159,1983.081787
1026.13158,237,1983.665143
1011.740705,240,1984.270389
926.44702,235,1984.785819
1038.045581,245,1985.326144
1013.275812,250,1985.900615
1000.36873,249,1986.49389
957.527411,237,1987.012699
964.243643,237,1987.549502
912.786769,223,2002.252603
968.543895,235,2002.795449
1032.759378,246,2003.335796
1030.558292,254,2003.92523
1106.430898,264,2004.535142
1040.180988,245,2005.083804
1048.965436,250,2005.634866
1022.566012,249,2006.243675
979.78683,231,2020.875611
898.614289,221,2021.376343
636.633268,163,2021.734794
1122.645161,264,2022.395045
970.146799,223,2022.885921
972.442794,234,2023.411011
1071.439672,249,2023.986915
1043.784988,256,2024.614879
1048.903844,252,2025.171243
880.908698,216,2039.648925
700.939595,171,2040.071262
1101.837031,257,2040.639278
1123.742571,264,2041.283355
955.19768,227,2041.787333
1045.333853,248,2042.377215
1116.537463,267,2042.992918
1110.206031,256,2043.55911
1067.214895,245,2058.398283
1075.897125,250,2059.070054
1070.929945,257,2059.654539
1124.831213,257,2060.261664
1205.030199,268,2060.853036
1052.999319,252,2061.42758
642.648838,161,2061.784555
1044.631299,247,2062.366321
1038.835686,244,2062.904626
942.11116,218,2077.528376
571.631783,145,2077.895027
1041.636509,263,2078.505518
548.812635,144,2078.824303
1060.018877,260,2079.396938
1112.029409,259,2079.989786
620.193555,159,2080.391213
1010.818239,235,2080.912555
1095.414212,260,2081.486128
1043.228931,254,2097.766721
1021.846589,240,2098.777694
1045.274839,257,2099.839927
615.975747,159,2100.526489
983.212115,238,2101.399684
976.794428,235,2102.162238
1081.902713,259,2103.156131
1117.214729,261,2103.952665
1017.474777,240,2104.591667
630.265325,158,2124.516742
1129.830532,263,2125.642037
1201.814585,275,2126.722405
1065.624763,238,2128.039623
1010.591856,236,2128.866848
1180.356785,265,2129.585668
596.583275,151,2129.999666
1100.680927,264,2130.729331
1277.885565,291,2131.553385
1117.624516,266,2149.315904
1066.38824,248,2150.026704
1086.958261,258,2150.7094
1055.555307,242,2151.336771
1165.011695,279,2152.135913
1162.597379,278,2153.008772
1088.722929,247,2153.583735
825.8245,194,2154.017865
1025.47067,259,2169.556439
670.984109,178,2170.056877
1162.466346,274,2170.788545
1040.852121,241,2171.349465
912.140255,221,2171.859033
1224.860821,277,2172.568496
1023.299452,240,2173.267915
964.024524,228,2173.859757
1115.588436,250,2190.621816
1116.384787,257,2191.310642
1214.451645,269,2191.994777
864.478132,208,2192.492541
1182.88631,261,2193.151174
1201.295665,271,2193.899117
1224.843449,283,2194.617183
846.38129,193,2195.045585
1155.387511,271,2209.772202
1238.224907,273,2210.443681
1193.178711,282,2211.090902
1173.097759,283,2211.811151
1153.986461,267,2212.407828
1146.144325,266,2213.033966
998.230482,234,2213.595237
863.297678,201,2214.052199
1213.822453,283,2228.937969
1042.025752,253,2229.587765
1056.884656,242,2230.188237
1176.246405,263,2230.804196
1011.304914,241,2231.333252
1114.55429,265,2231.974688
777.863135,200,2232.423069
1152.206558,261,2233.00477
1108.236497,256,2233.581644
1239.58978,286,2248.816538
1162.96063,271,2249.443441
596.063644,152,2249.82076
1075.418939,249,2250.374212
1079.412622,243,2250.906998
1220.522746,278,2251.515955
1254.643512,276,2252.18525
1236.790385,266,2252.775706
1213.388075,282,2267.405025
1151.178411,258,2268.106157
1184.291203,269,2268.852064
1015.958471,229,2269.499275
1074.248615,243,2270.097845
1030.58484,240,2270.648951
1214.747846,275,2271.267489
1259.44822,278,2271.931427
860.973554,205,2286.345085
1133.709182,254,2286.939909
1212.491534,275,2287.603029
1261.120618,286,2288.267766
1214.476284,277,2288.902722
1087.286595,247,2289.449193
1115.899632,260,2290.099566
1174.901078,265,2305.201587
1117.159476,246,2305.880052
1336.262087,303,2306.544135
1277.812495,302,2307.220254
1143.963633,242,2307.792225
1262.166632,290,2308.43291
1244.857074,272,2309.140355
1130.265801,259,2309.747259
827.628472,202,2324.5918
1281.414798,285,2325.225719
1212.164022,285,2325.901988
879.689969,214,2326.371052
829.311125,208,2326.830952
1257.386057,286,2327.456726
1263.482476,289,2328.145484
1279.324461,290,2328.912714
1320.058204,295,2343.463572
1086.155658,279,2344.133305
1131.807583,270,2344.724632
1207.013839,275,2345.340806
1281.309341,287,2345.998301
1119.291363,272,2346.640873
1237.80507,288,2347.288415
1305.663036,286,2363.029922
1286.538099,294,2363.928577
1299.685121,306,2364.704718
1294.147246,299,2365.571133
1176.278428,261,2366.785024
1097.757609,243,2367.495355
1269.544861,290,2368.287128
1244.958303,282,2385.521329
1312.570464,283,2386.46025
1305.951413,285,2387.225629
1189.815522,271,2387.92728
1162.0625,257,2388.582362
1202.40157,264,2389.317851
1288.274167,281,2390.018991
1198.144144,264,2390.760732
1336.297037,291,2406.439852
1146.358565,272,2407.143798
835.426923,187,2407.763041
1221.119706,277,2408.534939
1244.400417,280,2409.338522
1098.499457,247,2410.037581
1231.489037,279,2410.876342
1306.71129,288,2411.615323
1230.596134,276,2426.621082
1123.232802,242,2427.372969
1286.900865,295,2428.364502
1494.561875,330,2429.772692
1271.622808,277,2430.637975
1217.965415,281,2431.477006
1293.413355,298,2432.265204
1338.181103,290,2456.10753
1253.597493,283,2457.725609
1294.404329,297,2459.265122
1135.366794,258,2460.876694
1328.845892,295,2462.245145
1163.973051,252,2463.362728
1353.182784,307,2464.978756
1311.655129,290,2496.540358
1364.807137,317,2497.587591
1239.855593,276,2498.603773
1263.687498,284,2499.655936
1283.040799,277,2501.132117
1329.689274,292,2502.849149
1154.731419,273,2504.275871
1401.439681,302,2527.643364
1319.91876,285,2528.886906
1315.986187,296,2530.084376
1378.022697,303,2531.456871
1270.915014,276,2533.027519
1320.631215,290,2534.464797
1354.321796,293,2536.077792
1133.989481,256,2551.678307
1341.092596,299,2552.47063
1101.123916,244,2553.063986
1191.519905,263,2553.650911
1385.074989,306,2554.344629
1377.383348,308,2555.11252
1360.657535,306,2555.878856
774.609091,179,2556.31911
1243.08937,283,2574.538701
1304.361,289,2575.214508
1291.198753,282,2575.932193
1380.676251,297,2576.682551
1232.234095,269,2577.382092
1225.518039,268,2578.129154
808.987805,195,2578.720845
1266.590032,279,2597.288097
1341.763597,289,2598.052595
1312.4598,312,2598.73858
1292.001584,290,2599.424047
1360.997611,298,2600.124991
1357.049922,300,2600.784939
1244.307796,272,2601.402971
1284.961003,283,2616.728553
1128.099067,250,2617.422416
1330.943365,290,2618.069756
1386.558668,310,2618.904032
1433.622926,313,2620.275096
1444.796837,329,2621.328103
1631.857521,367,2622.275878
1236.911812,267,2637.964345
1348.927215,301,2638.795214
1370.620633,299,2639.625061
1370.81084,313,2640.4988
1402.217413,305,2641.380644
1369.016227,300,2642.215979
1374.74154,315,2643.080187
1301.865262,295,2660.570745
1349.708464,297,2661.401836
1469.99488,315,2662.279697
1372.075002,296,2663.122826
1440.746434,317,2664.018429
1394.785523,309,2664.972562
1348.960092,295,2665.883241
1601.718248,347,2683.991583
1337.966365,316,2685.171016
1477.985439,318,2686.430532
1613.121535,352,2687.794992
1479.521076,327,2689.065831
2161.371101,500,2705.204869
1269.256191,279,2705.905559
851.66548,187,2706.313467
1157.256958,257,2706.908408
1343.464183,297,2707.596037
848.40053,188,2708.024865
1427.172202,309,2708.717688
1524.40122,335,2709.55326
1277.013873,272,2726.68627
1417.635046,308,2727.882461
1705.686493,387,2729.373049
1333.832097,288,2730.916841
1433.78263,315,2732.000207
1236.901184,282,2733.190335
1600.78623,354,2748.330549
739.43275,178,2748.793302
2033.85604,436,2750.228267
1532.375147,328,2751.152951
785.767027,181,2751.545842
181.005261,62,2751.696989
1682.064173,381,2752.548183
1524.934043,330,2753.306424
1425.106183,307,2767.945933
728.201216,170,2768.332918
1781.166719,390,2769.225614
1444.985703,320,2769.962379
1042.76532,224,2770.506779
1918.792458,425,2771.524458
1299.559234,285,2772.164783
2176.527621,500,2787.386162
1696.478779,361,2788.170739
1580.623925,359,2789.158508
2188.042061,500,2790.575919
2199.199475,496,2805.88969
1562.916135,341,2806.731133
1727.69978,372,2807.660105
1997.303992,444,2808.637295
1565.020852,342,2809.446648
1555.780712,342,2810.223612
1265.145313,279,2824.990441
1678.678319,359,2825.791933
988.561066,226,2826.297068
2217.155413,500,2827.495519
1687.880617,360,2828.292192
1271.669254,305,2828.967885
1670.302031,365,2844.098351
1525.582921,328,2844.82344
1270.850364,278,2845.481957
826.752947,186,2845.8889
1339.421635,286,2846.525777
1302.178845,281,2847.155741
1108.24386,244,2847.722774
853.640544,196,2861.796559
1918.557084,410,2862.81979
2103.081287,500,2863.963482
1924.40612,405,2864.871271
1172.324308,255,2865.458284
1650.786437,352,2866.251386
1665.100661,360,2881.312448
2236.114169,500,2882.402588
2000.416999,426,2883.390334
2298.038069,477,2884.429343
1783.740921,392,2885.323659
2217.838582,500,2900.39068
1493.045605,309,2901.129157
2237.152718,500,2902.282473
1743.056005,370,2903.1268
1478.45053,317,2903.860126
974.819303,232,2918.896442
1418.484534,308,2919.793862
2224.428803,500,2921.381857
1916.188265,406,2922.489018
1594.249888,338,2923.345978
2169.134687,449,2940.82958
1632.716935,359,2941.835323
1143.946519,271,2942.521905
2035.026562,436,2943.545729
2189.79567,500,2944.796352
1153.522432,244,2945.451158
1829.267997,395,2963.083264
1550.524675,337,2963.833329
1381.888651,307,2964.582048
1396.657403,295,2965.24729
1591.261642,361,2966.033207
1631.568164,352,2966.861035
1615.647633,345,2983.145135
1420.962859,298,2983.822269
1781.536472,373,2984.698175
2196.464718,500,2985.818994
1023.660966,237,2986.343777
2163.381354,500,3002.990169
1584.124796,337,3003.855697
1472.403506,314,3004.576109
1608.143539,347,3005.401866
2193.55513,472,3006.474828
1491.032325,303,3007.256409
2191.471591,500,3023.327706
2148.022302,500,3024.424826
1524.170013,326,3025.197168
1989.60067,419,3026.125573
1902.335466,402,3027.030811
1570.430764,338,3041.378338
1604.286986,336,3042.107058
1202.733197,270,3042.69443
1872.225493,399,3043.62887
1050.295666,237,3044.145534
2109.315322,500,3045.284894
688.096158,164,3059.376159
1525.77805,357,3060.162452
805.178612,187,3060.56971
1865.366109,385,3061.45418
1594.698429,340,3062.200394
171.970985,56,3062.322267
1698.883674,351,3063.195527
2162.778669,485,3079.032663
1932.358943,411,3080.074757
1457.105794,309,3080.755696
2211.167788,500,3082.246913
1657.681958,351,3083.140508
1779.45487,374,3099.095503
2207.179868,500,3100.633646
2194.902968,500,3101.795712
1795.393199,409,3102.719138
1442.125657,327,3103.521191
2195.788303,500,3121.267661
1680.445716,350,3122.364508
2082.522769,439,3123.555399
1511.207602,316,3124.591804
1855.544562,393,3125.658939
1510.80921,321,3143.253756
1328.976313,281,3144.049661
725.337476,169,3144.508669
2274.089246,500,3145.802634
1522.446589,311,3146.63231
1551.829822,328,3147.485955
2194.160565,500,3165.226472
1750.542048,378,3166.186521
2042.748354,426,3167.44828
1644.317686,341,3168.387064
2237.164011,500,3169.521249
741.84141,168,3169.98277
1538.482494,322,3184.922354
1607.517113,340,3185.762964
2284.327421,472,3186.855124
2214.767027,500,3187.974697
2191.643343,500,3189.085343
1785.988967,371,3201.643217
1384.473301,295,3202.289131
1586.849111,332,3203.037385
1773.825593,364,3203.839533
1690.708066,343,3204.586363
2186.524678,500,3217.287626
662.704568,152,3217.632787
2204.987008,500,3218.788933
1725.411833,358,3219.591715
2113.20414,500,3220.822766
1756.366643,363,3221.616167
2198.655948,500,3235.083227
922.693047,204,3235.530169
1984.95706,419,3236.460296
1128.907152,247,3236.99477
1809.538062,385,3237.839367
1882.13115,392,3250.905232
1766.836041,367,3251.759229
1893.354491,401,3252.641366
1847.46747,375,3253.454385
1299.352396,278,3254.077168
2183.975529,500,3255.187493
1491.686611,318,3267.34863
1751.669104,398,3268.23133
1377.233412,291,3268.869634
2198.807035,500,3269.977308
2161.940392,500,3271.13169
2194.714674,500,3286.851007
2216.896066,500,3288.218162
1907.861498,404,3289.141088
1755.617541,366,3289.986178
1528.839938,333,3290.731781
1709.356247,364,3306.603279
1864.306416,416,3307.547949
1310.252635,281,3308.296823
2245.770918,500,3309.463484
2204.566943,500,3310.810194
2162.63092,500,3325.844467
1796.731005,370,3326.658708
2218.263936,500,3327.7629
1437.652399,296,3328.452282
1375.770685,287,3329.081789
2244.983009,500,3344.513087
2174.912308,500,3345.709577
1599.394799,329,3346.716319
1779.138466,372,3347.665062
2188.968866,500,3364.250069
2251.949711,500,3365.541934
2286.977856,500,3366.78053
1829.962667,377,3367.668386
2123.616083,500,3368.911509
1349.014115,314,3385.329151
1401.783943,295,3386.043551
1571.077071,338,3386.881919
1339.129848,303,3387.603343
1509.268752,318,3388.350095
1608.974316,336,3389.239151
1903.150139,382,3405.14529
2272.081124,500,3406.378053
1942.405774,398,3407.381652
2292.329481,500,3408.578262
2099.847978,425,3409.647589
2203.65397,477,3426.033558
2338.681761,500,3427.265778
2309.631179,500,3428.467337
2256.493919,500,3429.718947
1547.924281,330,3446.395402
2230.526784,500,3448.088948
1093.643057,231,3448.688972
2258.178967,500,3450.264376
2278.163423,500,3451.482034
2384.648579,497,3469.282706
1736.490931,365,3470.23142
1712.672988,354,3471.103689
2141.809286,500,3472.5965
2263.112376,500,3473.866222
2320.946949,500,3490.674546
2300.690041,500,3491.90939
2235.157257,500,3493.151858
1990.376187,445,3494.224622
1690.299736,342,3510.540417
2287.622793,500,3511.761683
2204.753246,500,3513.005601
1675.011598,341,3513.817627
862.592762,190,3514.334758
1357.708474,277,3515.041925
1121.676054,237,3531.612056
1066.337277,222,3532.21993
2234.36071,500,3533.734475
2261.649259,500,3534.958797
2379.5644,480,3536.150752
2283.647811,500,3552.62923
1479.133113,306,3553.416493
665.87638,152,3553.774881
2246.922563,500,3554.965719
1217.655141,253,3555.624367
1886.390011,380,3556.53117
2409.870008,500,3572.936046
2331.232721,500,3574.202177
2141.48143,455,3575.282526
2292.262412,500,3576.544525
1564.694838,306,3593.543263
2284.931921,500,3594.693628
1659.614205,349,3595.49329
2296.092633,500,3596.766572
2310.226634,500,3598.029052
2287.479471,500,3614.639773
2204.61028,500,3615.753006
2399.03776,500,3616.9328
1948.296717,397,3617.816517
2296.070198,500,3633.317764
1893.822832,377,3634.194522
2313.21597,500,3635.302541
782.714612,181,3635.754684
2343.796936,500,3636.8871
2321.049369,500,3652.681178
2348.946836,500,3653.84723
1920.656307,420,3654.832368
2309.420458,488,3656.017922
2422.692188,475,3674.50424
2385.723925,500,3675.681151
2188.760399,500,3676.847367
1349.91054,268,3677.465482
2277.241145,500,3678.616225
2285.800295,500,3694.784837
2338.179219,500,3695.939206
2242.555791,500,3697.094005
2189.380453,475,3698.141486
2309.865391,500,3714.006402
2493.767811,500,3715.465891
2191.920226,500,3716.890325
2361.310525,500,3718.111692
