#{"t_start": 1769351103.3829298, "env_id": "CustomWalker2d-source-v0"}
r,l,t
8.127182,25,2.040246
-1.951869,9,2.083478
-1.570267,17,2.155696
-5.767262,13,2.218495
-7.725609,11,2.26251
-3.044388,7,2.293152
-11.233661,20,2.380266
-10.171317,13,2.432003
-0.16635,16,2.48647
2.03743,14,2.530481
-3.753553,12,2.569003
7.772627,28,2.661175
-3.703339,13,2.711909
-2.598055,10,2.748746
-12.674466,19,2.825557
3.273728,15,2.874294
2.248305,17,2.928556
-7.783112,9,2.970194
-3.608271,24,3.074994
-4.858298,12,3.112936
-1.573942,16,3.160589
-0.08256,13,3.201384
-2.253379,11,3.234944
1.876524,14,3.276457
1.565737,21,3.338048
-7.227535,22,3.403059
11.391741,34,3.506956
-2.183429,14,3.572204
-1.644076,18,3.654101
-1.52902,10,3.701548
-3.909594,23,3.835553
0.986222,13,3.899619
-4.25887,22,3.971887
-2.649855,18,4.042711
-2.120985,19,4.107856
-6.603843,10,4.138297
-2.933262,20,4.206833
-1.816517,22,4.273119
5.764118,28,4.356531
2.325753,15,4.401176
1.159533,23,4.470905
-5.032407,18,4.524276
-4.986024,15,4.570023
-1.832429,8,4.593355
-1.486216,27,4.674027
-4.576648,15,4.717682
-0.803472,11,4.749571
2.437504,22,4.813413
-7.381372,18,4.864852
3.730995,31,4.957692
0.369992,19,5.014406
-5.544694,18,5.070468
-3.640657,15,5.11709
-4.604786,14,5.159851
-5.099198,9,5.18673
5.651866,15,5.232299
4.453007,15,5.276471
1.702547,22,5.342679
-4.0423,18,5.394735
-8.633104,15,5.462113
3.132019,20,5.565967
-3.116794,21,5.647933
-7.726329,22,5.737423
-5.004008,12,5.781569
-0.975925,11,5.813977
3.234883,22,5.8818
-6.283623,15,5.94244
-7.120541,20,6.018146
5.751444,19,6.08304
-3.06364,13,6.129599
-1.193946,16,6.179198
-4.364374,16,6.2282
1.706547,12,6.262161
1.296253,17,6.315257
3.105209,15,6.363102
2.628365,19,6.420924
1.900464,18,6.474109
-8.477345,23,6.541921
-3.434178,16,6.591443
-0.063203,13,6.631652
-3.483769,13,6.683848
15.772888,44,6.84664
-3.557867,21,6.907704
0.709307,14,6.949564
-3.839458,14,6.990457
-0.512406,14,7.041621
-1.912684,26,7.16128
-2.749028,16,7.234767
-2.46385,11,7.292062
2.00662,11,7.325738
4.040882,17,7.375181
-6.952392,19,7.429759
5.420491,35,7.562894
-2.627776,22,7.645437
0.907119,18,7.707232
-2.874701,25,7.781784
-5.731779,23,7.847922
-0.54074,18,7.899578
-1.31552,11,7.934971
0.312095,16,8.02472
-1.715809,10,8.066072
2.150574,14,8.117635
4.040497,20,8.194285
0.215925,20,8.274326
1.976077,12,8.311775
1.901711,15,8.362469
0.454677,14,8.436733
-4.234212,8,8.464631
-0.779885,14,8.504884
0.114796,14,8.546056
-3.699594,15,8.591548
15.204652,31,8.685055
7.121147,23,8.752216
-0.835679,16,8.800366
1.10482,19,8.855463
-1.44188,16,8.902293
25.951541,36,9.009882
1.825857,21,23.536096
9.6222,29,23.637944
5.95322,18,23.699341
-3.936016,24,23.77866
-1.610185,18,23.833391
-1.737032,19,23.892469
8.840694,23,23.96459
0.313682,16,24.013956
4.81148,21,24.096745
-5.149112,12,24.144598
-0.952779,31,24.253086
-1.740126,14,24.301198
17.221391,39,24.425232
0.965166,13,24.467791
4.142522,31,24.566347
-2.976143,9,24.592817
0.145532,25,24.670373
6.456172,32,24.779716
-0.619345,10,24.824282
-5.490755,14,24.882586
6.085258,22,24.971071
2.06879,14,25.022431
1.016808,17,25.093874
-2.924471,14,25.157313
6.607011,27,25.285261
11.889758,23,25.408822
18.495501,41,25.667466
-1.538163,27,25.818543
2.346823,17,25.881706
-3.169178,15,25.960527
5.930917,24,26.048985
-4.679427,11,26.087959
5.956688,20,26.194709
22.69739,39,26.360509
-0.61796,10,26.403701
-2.165499,11,26.44479
1.583968,31,26.553881
-2.890969,9,26.582374
9.121069,42,26.712768
6.539264,21,26.777502
14.439999,24,26.86225
-1.152306,11,26.901937
5.968641,34,27.013676
-1.316304,17,27.067369
26.246371,42,27.276543
-5.503416,8,27.301986
1.451719,12,27.341426
-9.468303,29,27.435778
5.351112,30,27.532854
-2.336447,18,27.589516
-9.416681,21,27.667706
-0.681334,14,27.750581
-1.697884,10,27.784348
-1.962087,13,27.825577
-0.765591,25,27.902973
-4.693546,9,27.932123
-1.204105,12,27.970636
-0.174104,35,28.077266
-4.189672,18,28.132949
0.076766,24,28.219985
0.744892,14,28.271262
5.340014,20,28.370607
5.06398,23,28.492712
-4.97851,23,28.619285
10.618022,24,28.811793
-2.220652,14,28.926084
7.891041,42,29.24456
2.684941,17,29.319727
-4.105642,9,29.361387
3.292586,16,29.422548
-3.284752,13,29.472111
-2.063664,10,29.506933
1.566865,14,29.554542
-6.082945,22,29.6263
2.257522,25,29.704809
-2.958793,10,29.736561
2.300692,15,29.783084
1.5935,27,29.912625
6.813446,29,30.051305
-2.888007,8,30.077495
3.603345,21,30.146352
-2.323053,24,30.259371
-1.454727,45,30.524048
-9.35039,17,30.600419
-2.738911,11,30.650101
-4.557184,16,30.728077
0.032254,13,30.777513
1.758661,14,30.829708
-6.156737,27,30.990104
1.438945,18,31.079285
12.416795,25,31.17636
-1.454887,22,31.27925
1.248325,14,31.36347
-1.703334,11,31.408512
7.005249,27,31.509835
-5.510194,8,31.538152
-3.551686,16,31.590845
14.885157,34,31.711194
4.404372,41,31.847422
1.165277,17,31.900995
75.272796,126,47.861667
1.0003,28,47.976811
0.741206,23,48.097769
34.304373,55,48.274297
-0.44968,33,48.391969
3.589368,23,48.490201
44.211276,80,48.761442
5.273046,44,48.898053
25.88381,38,49.017455
-0.680774,17,49.080033
9.422045,31,49.179956
17.442717,31,49.274325
5.847477,57,49.517491
3.296019,18,49.599442
15.049157,27,49.69179
13.755321,42,49.861272
0.216631,39,49.991754
4.510966,31,50.130995
-3.210508,22,50.196117
-9.797467,15,50.240043
1.708339,30,50.328916
15.865029,23,50.39899
25.364835,69,50.608723
24.933149,49,50.791691
13.971256,32,50.909232
9.518142,75,51.249002
26.579967,87,51.553054
-0.551383,9,51.589671
32.333569,87,51.943568
4.9189,16,51.998679
-5.180229,15,52.076457
33.305858,51,52.359651
7.720829,22,52.457791
2.590233,13,52.509273
44.218066,72,52.881915
1.178827,30,52.986693
13.992118,24,53.11643
1.091623,16,53.166627
11.801265,29,53.279155
-9.224236,13,53.334296
39.864451,75,53.62344
-1.113209,23,53.728658
15.388672,44,53.903382
36.258269,48,54.089196
1.56466,17,54.143329
-5.812343,12,54.180162
0.855792,19,54.238235
4.330676,36,54.352061
15.63829,36,54.46313
-2.377312,10,54.494177
34.866405,88,54.767213
51.216182,66,54.983072
-2.676209,22,55.05412
38.229636,69,73.378847
10.880376,24,73.604167
26.680562,69,74.466805
3.827405,18,74.796597
7.764241,43,75.428146
16.614175,46,76.207598
15.501706,48,77.138808
55.462284,79,77.973262
240.982283,145,79.638906
73.868608,143,81.313618
28.988538,50,81.827219
18.56934,43,82.295021
24.050988,47,82.776587
63.241047,73,83.39958
65.616175,77,83.920838
9.99124,27,84.139501
-7.589277,23,84.317488
67.324525,102,85.497001
17.12023,70,86.191472
120.300172,134,87.561187
-1.946157,12,87.706043
-0.103922,14,87.794644
16.893511,24,87.947776
17.411902,39,88.278957
65.164937,137,89.147976
8.363274,29,89.393404
36.903937,109,90.193656
-0.2039,14,90.332599
4.429689,33,90.565552
6.011543,38,90.872237
0.119216,21,91.030436
6.835436,37,91.284486
20.453018,47,91.638488
-3.997172,22,91.849142
7.725002,25,92.009295
12.320854,45,92.290965
79.288497,138,125.508553
21.091543,81,125.822119
25.606957,52,126.032473
35.887055,66,126.263585
115.018176,169,126.956
280.469084,206,127.798218
14.944114,52,128.079095
65.577562,134,128.691181
50.976127,81,128.971683
190.567428,101,129.364382
4.888011,48,129.546394
27.872406,36,129.72858
153.422861,108,130.125551
268.47916,183,130.817492
41.246239,81,131.199456
19.010157,40,131.433911
25.765888,36,131.610037
192.128775,110,132.004346
25.657003,52,132.190175
53.228984,56,132.41403
0.688454,13,132.463639
33.508868,123,132.91792
49.983864,63,133.215904
-3.742191,30,133.340916
28.657345,49,133.610364
94.063089,92,150.32745
188.79336,133,150.749938
43.787183,84,151.020255
346.464003,192,151.608201
316.945273,293,152.543564
106.868969,146,153.059449
211.442405,296,153.962328
229.316613,147,154.479267
135.871068,108,154.888897
474.735689,371,156.029587
260.014517,167,156.532533
21.256988,125,185.901591
202.750424,129,186.889888
177.641575,131,187.804628
258.529128,131,188.668021
31.983279,79,188.961513
148.208115,92,189.385426
33.498806,44,189.535719
208.67124,209,190.721272
16.360676,40,191.033599
193.229217,136,191.777824
215.828452,111,192.249548
244.795575,123,193.387391
24.052493,78,193.888821
207.33659,123,194.788772
247.335463,133,195.620066
238.181873,141,196.387257
38.765433,67,196.735603
294.474772,170,198.594788
216.714395,139,226.577194
305.081331,195,227.324617
154.44769,98,227.715913
10.947827,30,227.837795
283.767177,167,228.424567
251.071158,135,228.844308
47.661192,82,229.099497
202.653929,128,229.544604
226.549399,121,229.973818
265.213003,162,230.522356
214.547048,137,230.944846
258.298941,174,231.475057
304.167413,214,232.238539
62.535447,80,232.48471
169.315783,120,232.855589
252.493307,150,263.339774
190.184356,138,264.232545
215.623268,144,265.286388
266.697569,136,266.135664
329.49406,267,268.048112
239.333107,150,269.147846
113.743743,85,269.888449
101.300802,194,271.313941
187.64284,114,272.141789
198.049854,123,273.028886
76.864417,156,274.120692
279.78673,202,275.888011
214.684346,120,276.668924
273.727282,169,314.359904
267.96927,163,316.419359
308.584352,199,319.102581
178.737286,98,319.78967
238.583177,150,321.463931
243.101864,153,323.086725
205.292965,103,324.587431
256.710163,197,327.267761
309.165138,183,328.895174
191.501514,100,329.639124
187.622623,109,330.480706
223.019476,135,331.444783
257.893221,198,333.0317
143.288991,181,334.357827
237.601393,150,371.63332
195.655612,110,372.306743
192.308853,111,373.051271
0.929381,16,373.154387
187.986184,98,373.923723
217.129756,108,374.693573
260.448818,138,375.659961
219.179687,139,376.749109
77.457782,191,378.228371
271.936903,152,379.860617
220.394466,134,381.377964
310.089173,205,383.393465
317.600813,203,384.764553
175.224148,97,385.532136
322.63532,162,386.696068
223.174961,124,413.859374
172.751376,165,414.717292
290.374908,164,415.367148
182.889485,122,415.877371
202.546979,107,416.368291
254.773694,139,417.091737
225.30871,100,417.61667
216.075078,113,418.234718
218.040667,130,418.946393
46.230653,60,419.257478
239.23378,124,419.783986
271.701278,175,420.557147
219.905858,115,421.176867
275.535737,164,421.982557
85.918969,170,422.86636
202.005925,101,423.346951
302.817806,160,459.881481
226.54509,108,460.454804
182.62228,88,460.88927
214.658895,119,461.682285
254.350388,152,462.583911
245.767183,167,463.595906
220.924868,115,464.155702
198.902166,112,464.799793
195.896901,115,465.461508
192.0471,106,466.04033
205.392178,111,466.670238
241.084568,140,467.597716
227.305178,107,468.191483
180.014833,119,469.111936
114.487833,64,469.554752
275.13886,144,470.449862
221.6655,120,471.321579
193.099951,122,491.878009
199.373328,111,492.33167
241.099025,127,493.188252
194.190713,105,493.611937
216.267623,117,494.305829
272.909396,150,495.122056
234.262806,122,495.568233
242.236148,137,496.099728
164.873095,89,496.511539
263.794472,168,497.249431
222.423202,129,498.035698
234.607956,117,498.586302
270.297239,139,499.288909
215.061139,114,499.981857
260.175823,148,500.628584
199.764091,98,501.005728
271.461969,160,517.240897
301.174325,163,517.873591
256.233516,144,518.394241
244.079198,127,518.802938
218.434962,117,519.169453
195.666041,113,519.5259
247.871336,124,519.972508
189.218939,105,520.377517
219.677654,113,520.730412
226.785001,107,521.084939
203.546538,113,521.443132
200.547624,108,521.82711
225.607442,122,522.211854
252.363852,123,522.682579
193.570083,105,523.035318
223.615069,111,523.428011
250.976706,115,523.831611
210.341804,114,524.186155
254.214976,148,540.002325
226.653002,138,540.477631
263.425878,123,540.951751
180.874423,89,541.228709
241.953523,130,541.695807
237.596912,116,542.104815
229.444933,106,542.430861
202.706739,109,542.772458
206.052538,103,543.166907
240.458605,117,543.54845
201.501365,107,543.883375
213.760436,120,544.255925
288.233279,144,544.702295
215.710626,112,545.049741
232.448866,113,545.485803
305.255666,147,545.995125
305.517329,178,564.168505
284.143916,132,564.890391
215.118904,111,565.324414
247.234959,119,565.725292
216.145336,110,566.1902
302.533813,164,566.753181
334.916693,200,567.436945
321.678491,168,567.982001
240.022633,124,568.47575
202.293685,105,568.848007
258.553361,135,569.356296
242.124774,111,569.705418
235.27392,129,570.151031
312.702937,158,570.782556
194.770026,101,571.20187
359.539732,173,599.262444
307.693498,156,599.914041
284.088928,139,600.645426
224.111023,109,601.612018
242.925692,113,602.487466
231.010171,121,603.399174
346.730921,202,604.855082
330.467818,166,606.164203
282.380981,134,607.213897
292.959291,141,608.247805
284.454746,132,609.214274
348.464858,150,610.209716
271.337562,127,611.106096
230.694755,110,611.932247
223.265836,101,612.542823
338.582237,167,647.554829
357.684251,185,648.897312
240.568217,132,649.849834
312.808714,154,650.82496
279.413828,173,652.055807
312.071558,135,652.958034
278.063702,128,653.839493
281.855151,133,654.771518
247.757037,126,655.552907
287.755491,139,656.511352
260.853562,118,657.304183
304.005114,129,658.177203
208.984194,103,658.85103
271.896907,115,659.641032
240.578186,138,660.595638
250.450831,130,695.196601
297.34447,149,696.165504
300.218279,134,697.074211
280.866722,126,697.954017
257.827037,125,698.792237
295.264258,133,699.627146
288.139601,130,700.526295
313.738925,147,701.505419
266.097732,120,702.371598
329.103598,148,703.28372
314.05001,150,704.296906
272.237681,122,705.116246
343.088671,163,706.202559
249.908192,117,706.93133
320.15627,192,708.288066
267.749883,117,742.444194
334.270127,146,743.540454
292.846704,129,744.668886
272.752881,127,745.539693
267.755046,123,746.403451
308.683024,130,747.266712
276.051391,123,748.106248
262.586862,113,748.920431
301.674859,149,749.859141
284.435776,128,750.727143
291.280355,126,751.553323
332.416528,140,752.49379
344.224906,155,753.614544
368.516036,147,754.554236
278.788217,126,755.392917
300.241103,124,784.110346
282.658722,128,785.123801
350.587389,136,786.080008
230.944468,109,786.879166
308.329369,160,788.119808
254.931967,113,788.892351
322.084398,135,789.836811
311.067856,136,790.656578
186.19257,90,791.215375
252.976599,113,791.922787
251.403019,110,792.324706
307.310456,129,793.157455
321.460441,137,794.547036
293.696601,125,795.168178
246.199258,112,795.747461
352.542265,137,796.282696
369.816577,156,796.956163
302.08992,128,818.365428
353.978589,156,819.536984
294.105129,128,820.411594
285.815713,115,821.133862
284.250148,126,821.894621
353.268429,138,822.842579
344.804023,135,823.824406
299.937483,126,824.785744
289.610837,127,825.698527
304.882381,136,826.562281
262.637145,117,827.397964
276.930513,118,828.182178
358.334839,149,829.250432
298.323834,123,830.132332
314.803286,134,831.045743
288.564053,120,865.859971
356.161968,143,867.006271
281.250584,116,868.197574
342.5395,143,869.192039
254.812079,112,870.017348
298.700973,116,870.895753
329.121525,133,871.98101
223.258365,96,872.832861
325.993781,126,873.733195
290.560149,130,874.633025
330.574081,125,875.566893
319.803028,134,876.437124
303.942414,121,877.281217
348.052711,138,878.227121
339.758999,147,879.364676
340.9158,141,880.453815
293.041041,126,914.278644
321.189702,131,914.719712
276.339545,119,915.144629
335.584727,132,915.68345
235.71904,113,916.14622
230.405959,98,916.449039
337.934238,117,916.857281
334.611899,141,917.372753
345.840239,151,917.919032
359.589114,162,918.427802
263.201832,111,918.787325
312.531737,119,919.159912
365.733357,148,920.678471
293.766137,115,922.214772
325.56842,126,923.284971
246.354777,98,923.920383
312.347073,125,924.717206
292.931657,118,959.000956
392.536132,143,959.934793
350.696034,138,960.889169
314.329108,125,961.697367
301.539686,126,962.46224
253.317321,108,963.172786
473.480414,191,964.400461
391.273083,154,965.359814
300.849579,120,966.16303
294.535497,124,966.914062
305.977133,131,967.75404
305.609934,121,968.583945
373.293667,137,969.422565
324.453627,129,970.297922
382.920041,143,971.178031
173.777844,79,1004.942461
402.204068,146,1005.864887
282.573593,115,1006.698308
315.989115,124,1007.545591
390.214213,148,1008.571836
282.581584,123,1009.418049
291.555625,127,1010.250233
318.810037,128,1011.159079
350.341346,149,1012.14732
345.005397,139,1013.038572
283.004199,121,1013.896858
364.810992,137,1014.741044
296.424917,117,1015.471799
307.924408,123,1016.304813
298.367641,147,1017.355033
316.477901,127,1018.265642
315.665093,125,1051.655932
198.620402,82,1052.216122
378.714408,154,1053.338959
244.516183,102,1054.221273
269.212281,119,1055.185386
374.148072,139,1056.859003
363.818629,140,1058.005187
349.952697,134,1059.08396
379.947419,150,1060.138147
376.236991,157,1061.353758
392.234208,157,1062.806564
333.450873,123,1064.011678
317.781402,123,1064.899691
280.144331,112,1065.830677
186.207511,80,1066.363924
303.772185,120,1067.148186
362.280677,131,1102.69059
323.086322,118,1103.508618
358.534882,129,1104.514377
418.402017,154,1105.717128
302.898644,117,1106.575444
398.056532,166,1107.790931
300.374254,128,1108.698521
336.164748,133,1109.51579
416.945053,138,1110.395576
385.994193,129,1111.255543
299.828944,123,1112.050432
364.530802,124,1112.83058
282.466605,117,1113.620756
450.309745,189,1114.829937
345.964983,149,1115.826395
407.396216,150,1149.647178
328.575922,119,1150.411103
304.688502,125,1151.170453
444.932882,160,1152.24975
346.264877,125,1153.004745
353.495435,118,1153.791625
424.115143,150,1154.753208
245.694006,100,1155.361706
379.480881,136,1156.27571
353.826696,118,1156.994952
406.577208,139,1157.878038
418.849095,172,1159.080811
354.157112,122,1159.817851
422.339584,145,1160.775107
388.160959,134,1161.974514
403.098281,139,1195.966041
354.022277,135,1196.931209
428.323062,164,1197.984603
381.458012,140,1198.870183
366.437095,144,1199.8664
375.745411,132,1200.705584
407.687892,148,1201.684676
365.678082,128,1202.49496
415.729786,154,1203.445307
283.268471,100,1204.14251
354.910187,127,1204.933889
351.169642,122,1205.688192
278.444016,105,1206.439197
311.009156,112,1207.153146
401.452815,156,1208.12291
359.695332,127,1209.321446
333.454705,129,1243.326911
405.443292,153,1244.392334
360.009207,135,1245.246643
227.154615,88,1245.799808
430.331011,156,1247.012986
366.991356,130,1247.892764
446.237013,146,1248.835719
241.023424,99,1249.562022
434.112181,154,1250.538524
357.238433,121,1251.269615
455.708858,166,1252.39383
422.773751,158,1253.356894
349.4338,112,1254.100065
417.836047,147,1255.08883
432.96625,152,1256.05669
333.986775,118,1289.157087
355.780696,127,1290.077183
435.6576,150,1290.990347
452.37233,160,1292.085059
381.170313,122,1292.856161
345.155155,116,1293.582917
407.503158,133,1294.514331
380.00373,131,1295.312915
369.961402,127,1296.080291
372.331677,125,1296.944721
437.349717,152,1297.908577
421.694638,141,1298.791417
391.78502,128,1299.675309
391.671153,136,1300.551538
405.681914,146,1301.487729
375.437126,129,1336.06522
350.549635,120,1336.800223
387.968615,129,1337.762429
363.094093,124,1338.618454
427.077964,154,1339.558107
410.946015,140,1340.548954
382.783305,127,1341.407943
436.094285,147,1342.49617
357.48969,124,1343.250388
442.429054,144,1344.141421
382.155378,142,1345.107566
449.566948,157,1346.0875
402.32039,131,1347.007246
395.192359,138,1347.891683
386.406109,138,1348.780637
409.718602,140,1383.938722
606.021033,203,1385.350734
411.893072,133,1386.165779
373.307488,125,1386.990709
409.286204,137,1387.99009
410.181766,130,1389.006275
357.843885,129,1389.956274
363.85168,126,1390.827209
356.452491,124,1391.653705
398.56499,150,1392.781045
311.060157,114,1393.582263
354.671506,127,1394.431955
450.407106,158,1395.706661
366.018353,135,1396.918815
381.334746,125,1398.028317
410.844944,134,1432.045958
350.29416,119,1432.888741
416.539288,132,1433.743689
371.541688,130,1434.534079
402.564757,132,1435.431117
345.970989,118,1436.139778
439.747894,135,1437.020972
415.878806,137,1437.983335
388.722064,132,1438.822839
247.344325,95,1439.399273
397.868002,123,1440.231608
388.127923,129,1441.104237
420.051416,133,1441.909806
438.613838,158,1443.013551
377.162275,120,1443.760914
451.239849,138,1444.661247
355.222425,120,1479.146043
422.563547,140,1480.01216
466.045489,151,1481.212726
449.894546,160,1482.131985
458.284773,142,1483.20041
291.372186,99,1484.228638
405.207666,125,1485.641695
359.776752,131,1486.64503
355.382117,114,1487.525794
428.388751,148,1488.68251
444.627429,140,1489.595034
417.034957,130,1490.243598
416.887524,136,1490.831917
391.195512,121,1491.418702
348.345166,116,1492.155184
381.549578,123,1493.008135
390.946369,123,1525.88091
393.6472,125,1527.071661
492.785085,160,1528.197226
452.398252,152,1529.188109
462.15266,145,1529.82865
421.958577,141,1531.214525
395.648302,136,1532.115094
454.77929,145,1533.438287
424.86506,135,1534.708953
415.776638,134,1535.736248
378.986761,121,1536.558213
389.849381,133,1537.554215
405.191573,126,1538.393023
451.871413,148,1539.446301
406.114798,124,1540.445928
401.888868,126,1575.794225
440.858143,142,1576.786264
431.180503,137,1577.942238
376.262878,124,1578.86785
466.298068,147,1580.837939
312.703169,109,1582.51528
395.816642,125,1584.063542
452.665305,143,1585.535518
432.656966,144,1587.138288
435.084182,140,1588.357708
456.606759,149,1589.42387
450.983369,148,1590.701429
414.363531,131,1592.230008
444.012954,134,1593.201296
405.235042,128,1594.044328
455.282632,141,1628.772813
259.951039,97,1629.408342
419.294926,128,1630.236845
465.673329,149,1631.26278
340.480001,119,1632.016217
379.455065,115,1632.761308
436.158673,135,1633.671205
413.7201,126,1634.437859
391.762767,127,1635.290249
446.828409,151,1636.255956
466.304846,150,1637.185296
426.014409,134,1638.099376
383.815445,123,1638.85164
457.774807,147,1639.830358
398.351747,126,1640.650339
427.512119,127,1674.974742
427.526858,134,1676.13969
459.170609,142,1677.051204
413.09487,132,1678.015947
342.329104,110,1678.808844
426.17606,149,1679.841959
456.386016,140,1680.835467
435.627484,142,1681.7698
435.414818,136,1682.611637
366.465512,115,1683.464557
431.730864,131,1684.310299
400.699985,118,1685.029033
386.726113,120,1685.874785
341.7442,111,1686.575005
396.878506,122,1687.320123
379.354368,124,1688.184468
249.577985,91,1688.744109
383.201614,116,1722.55629
399.541854,128,1723.351346
213.938762,81,1723.960854
449.323167,133,1725.207239
407.534541,124,1726.145898
413.143369,121,1726.878121
416.458511,129,1727.672515
473.232039,148,1728.709875
434.630092,131,1729.57058
425.020305,133,1730.405389
381.331089,118,1731.230101
419.368997,135,1732.103938
389.665713,122,1732.905793
417.80029,133,1733.796519
326.075021,105,1734.495449
388.369796,124,1735.454493
424.653966,132,1769.697605
427.615399,132,1770.521997
460.555875,163,1771.577785
460.79771,146,1772.503397
420.888131,132,1773.307967
439.00459,130,1774.264546
457.149481,144,1775.187413
431.37253,127,1776.034082
430.033033,130,1776.84102
453.151324,137,1777.65497
449.303519,136,1778.588155
451.056199,138,1779.487778
454.61292,136,1780.355258
422.509754,130,1781.253654
375.918473,116,1781.975994
214.731828,75,1782.483125
434.696714,134,1816.29213
452.480332,136,1817.224693
454.642489,140,1818.130877
371.232783,108,1818.886753
414.644269,129,1819.69962
392.304954,122,1820.501452
454.884675,147,1821.541749
481.412079,145,1822.6513
438.60152,139,1823.56653
421.159209,119,1824.367294
465.754962,147,1825.260586
407.384496,121,1826.067791
412.023362,123,1826.915497
424.488133,123,1827.666376
435.908397,143,1828.626479
452.555278,141,1862.844992
471.267305,144,1864.116837
462.929868,128,1865.168183
454.628511,138,1866.284216
476.839573,145,1867.454777
446.07726,140,1868.884957
492.143563,162,1870.387474
478.548889,144,1871.892019
449.506288,137,1873.612617
501.921966,156,1874.924574
468.318906,132,1875.975659
460.960084,151,1877.452399
394.232607,119,1878.256621
458.821334,138,1879.219647
473.530079,136,1880.051089
443.376791,130,1914.952079
449.669021,139,1915.795712
454.835328,138,1916.741984
425.428527,127,1917.63693
490.203421,147,1918.522508
424.105272,131,1919.420637
460.477297,137,1920.302464
356.858263,104,1920.98233
484.750216,136,1921.897538
475.646449,146,1922.820204
438.287833,139,1923.666057
472.574472,152,1924.747072
477.447234,157,1925.766576
487.870373,149,1926.749337
450.943784,131,1927.583202
457.523982,127,1961.427143
454.17139,149,1962.395219
455.776167,141,1963.308793
486.846911,150,1964.218528
459.68961,145,1965.198233
468.35136,149,1966.115852
428.673386,128,1966.99923
473.110995,143,1967.998891
542.017994,163,1969.025121
488.909527,147,1970.008983
477.188481,142,1970.871496
496.779994,152,1971.892294
528.44373,157,1972.907225
452.192475,132,1973.722452
393.021485,125,2008.218846
483.985417,141,2009.110479
480.264339,157,2010.137227
439.606642,125,2010.929073
518.812625,149,2011.842252
486.176533,144,2012.821545
446.389981,130,2013.602555
462.281751,136,2014.420027
454.566704,128,2015.289603
438.039036,133,2016.132384
487.145278,138,2017.008995
435.836434,137,2017.918886
461.448275,134,2018.723071
489.88042,147,2019.726566
430.942625,130,2020.504595
485.154705,145,2054.536541
480.425698,155,2055.585476
517.948644,150,2056.491729
444.249624,134,2057.525646
479.939443,137,2058.461998
467.91213,134,2059.337172
441.567751,133,2060.360292
498.917317,143,2061.494139
473.949884,132,2062.654708
485.416782,150,2063.600236
463.207428,138,2064.459079
409.791458,123,2065.326899
469.268119,148,2066.233135
363.952003,103,2066.852543
465.619032,134,2067.773738
439.236752,122,2101.651045
14.430134,25,2101.80174
513.29264,153,2102.721088
490.086348,143,2103.68682
433.339794,135,2104.49718
500.263764,162,2105.612411
480.642953,137,2106.487632
471.191155,134,2107.385449
474.336805,146,2108.343756
472.3936,135,2109.244373
432.347365,131,2110.112523
510.05206,158,2111.160275
443.531095,131,2111.995916
534.333288,162,2113.044666
474.899324,142,2113.954833
506.31928,149,2148.641245
436.416431,130,2149.469113
482.720905,145,2150.443208
446.22621,128,2151.387718
439.084222,127,2152.18234
429.291077,126,2153.008177
558.09102,175,2154.226506
503.789028,160,2155.261106
400.672611,123,2156.108731
504.460959,148,2157.161018
475.164642,136,2158.202321
460.902234,150,2159.174968
491.573773,143,2160.30814
502.046287,155,2161.545436
509.782875,142,2196.455771
510.098217,156,2197.555728
519.950576,141,2198.603873
484.231894,131,2199.513118
454.485478,135,2200.463838
470.803524,138,2201.521536
491.286824,153,2202.566271
456.018942,129,2203.582522
491.83399,147,2204.587993
464.580508,138,2205.696954
471.418114,137,2206.64443
476.006509,143,2207.686336
560.285628,167,2208.922247
472.546358,140,2209.915712
433.670708,122,2210.984375
481.97961,132,2246.356863
438.650258,129,2247.119895
490.474848,146,2248.024164
528.511244,150,2249.093422
496.806035,146,2250.088556
467.469647,144,2251.141479
567.852883,153,2252.321481
532.076801,152,2253.418715
530.438165,157,2254.428443
558.362289,162,2255.604989
559.272641,165,2256.684199
553.092437,164,2257.820425
561.487102,175,2259.201075
539.365592,152,2294.809149
480.311404,133,2295.83389
442.572792,131,2296.790104
476.062319,130,2297.671515
492.131059,146,2298.675607
501.010126,143,2299.571894
434.915298,118,2300.403079
504.816091,147,2301.611282
481.948965,136,2302.994353
514.385438,147,2304.702965
488.257897,142,2305.712343
473.389588,134,2306.597363
458.786129,130,2307.418312
462.919876,127,2308.378698
482.168493,138,2309.26339
491.911173,141,2345.972163
524.251998,146,2346.933648
512.538033,149,2347.61982
499.202818,144,2348.678617
606.070549,164,2349.72237
452.091894,132,2350.663096
640.04005,172,2351.878581
558.359837,158,2352.985002
568.273519,153,2354.134237
486.780131,141,2355.128993
491.617915,146,2356.130095
453.034376,139,2357.011758
503.986487,147,2357.952071
511.138997,143,2358.923943
488.058955,147,2393.414409
530.299819,164,2394.54356
552.942242,155,2395.506364
472.382962,134,2396.445779
488.998815,135,2397.290445
562.539139,153,2398.224444
472.036702,134,2399.153287
583.867358,180,2400.25216
491.703079,152,2401.30329
495.273711,136,2402.146989
562.409679,164,2403.209962
545.296368,150,2404.214813
444.744641,122,2404.987452
497.559271,148,2405.96415
379.511938,107,2440.027644
599.841565,153,2440.987344
540.460701,165,2442.050006
612.247617,178,2443.135528
485.768631,142,2444.076939
487.605892,138,2444.986095
592.84916,189,2446.147928
539.108453,148,2447.157013
511.61836,140,2448.037085
587.857102,158,2449.106368
45.5167,33,2449.3055
471.692387,138,2450.143801
580.826467,165,2451.264518
508.066122,140,2452.111408
634.953707,179,2488.624172
371.781951,98,2489.58166
468.197049,134,2490.964003
579.78248,163,2492.510044
564.932249,158,2493.656307
538.569964,145,2495.024405
424.550443,119,2496.140065
582.373046,155,2497.395525
471.645364,132,2498.242447
347.320026,106,2499.053821
531.605542,147,2500.0691
549.241703,168,2501.137998
582.685751,173,2502.409318
570.710763,171,2503.597945
38.514816,33,2503.90132
575.11752,160,2538.436572
566.25306,163,2539.556399
592.713331,178,2540.656918
534.326008,152,2542.020313
598.137699,157,2543.264596
533.256128,159,2544.327166
555.532072,151,2545.325888
470.102732,132,2546.141099
477.707542,145,2547.11255
565.307128,151,2548.11497
464.333547,126,2548.918048
497.197952,139,2549.843391
631.525255,198,2551.059358
551.323823,158,2586.392594
640.250424,168,2587.612222
592.650716,167,2588.62929
573.379887,162,2589.920007
524.116931,145,2590.803588
407.489685,123,2591.629957
526.84822,156,2592.803123
157.562374,61,2593.337687
582.67241,162,2594.353867
592.344238,164,2595.461458
599.855846,159,2596.602244
577.996837,156,2597.732462
535.169365,152,2598.770986
553.167904,153,2600.034301
592.860341,179,2635.77827
770.333804,202,2637.173947
623.968277,164,2638.289856
593.629519,162,2639.360427
543.553115,153,2640.536942
606.633577,165,2641.579084
639.512517,175,2642.761035
437.023604,126,2643.562088
605.055629,162,2644.640469
592.578879,155,2645.623711
583.364289,162,2646.721107
659.611452,187,2647.979505
483.228032,134,2682.233905
555.101246,155,2683.593014
703.273299,178,2685.198937
510.68136,140,2686.122594
588.105903,163,2687.284938
569.386394,157,2688.69235
568.740522,161,2689.906641
472.011379,128,2690.766025
600.384035,162,2691.775542
622.795036,166,2692.886211
595.182852,172,2694.050645
538.178934,154,2695.146213
516.499132,154,2696.160628
602.509607,168,2731.583412
550.370972,157,2732.680896
635.095113,179,2733.921585
571.615018,159,2734.981843
666.835341,203,2736.590149
631.273486,182,2737.754673
519.088976,139,2738.836702
614.574721,155,2739.826041
622.06235,165,2740.935181
661.966387,170,2742.072068
590.962515,173,2743.252751
592.77388,162,2744.340687
573.566934,157,2745.343809
594.799662,171,2780.93183
616.9086,171,2782.42047
607.001849,166,2783.566462
588.205376,162,2784.626072
730.849488,198,2786.124751
629.037776,163,2787.337543
620.98119,168,2788.682606
602.289407,160,2789.817919
599.056902,161,2791.066069
565.343918,156,2792.269523
560.326501,154,2793.583008
702.0148,188,2795.210047
606.295778,157,2829.589474
629.936816,173,2830.699681
517.693598,141,2831.737239
584.561074,157,2832.767496
637.637097,174,2833.928649
610.05142,172,2835.045797
447.513134,124,2835.943104
611.220036,172,2837.191209
602.232538,159,2838.507585
532.499956,154,2839.560408
602.249537,174,2840.847469
541.10762,143,2842.227152
528.322517,157,2843.536551
625.0411,168,2878.671351
569.446372,157,2879.890766
531.488089,158,2880.958285
628.822288,162,2882.235214
581.420714,156,2883.315389
632.227985,168,2884.641846
655.583406,176,2885.815046
665.990095,184,2887.104671
629.798702,163,2888.182487
626.911658,173,2889.449158
793.340575,228,2891.059623
402.959305,117,2891.804211
562.493383,151,2928.263581
695.717696,184,2929.602359
509.301542,146,2930.610729
635.83174,167,2931.885295
604.960392,160,2933.04656
704.524111,175,2934.344236
645.979809,173,2935.554949
617.220749,164,2936.783751
630.986215,160,2938.003407
573.767892,149,2939.215448
567.454893,155,2940.23634
516.4845,142,2941.274589
620.794155,170,2942.39664
614.105281,168,2977.841824
486.192585,127,2978.513735
591.054749,171,2979.950815
503.660744,141,2981.172513
621.120772,174,2982.448007
653.402319,187,2983.787544
602.541586,163,2985.008327
542.634,146,2986.076427
506.34971,139,2986.798216
663.737508,164,2988.063517
672.313828,180,2989.458916
604.338307,158,2990.235639
570.506535,143,2990.913272
505.680465,136,3020.341737
399.499557,112,3021.056859
619.687818,163,3022.26376
767.261904,197,3023.735313
726.020224,201,3025.209507
474.860833,131,3026.149462
680.77406,188,3027.489827
670.544718,171,3028.831079
595.281489,169,3030.191661
496.660613,137,3031.27797
392.283599,115,3032.383219
617.030071,167,3033.546786
617.316395,167,3034.681929
656.777552,174,3070.3041
634.650492,168,3071.359735
576.28684,173,3072.538216
645.324335,173,3073.639122
749.454277,197,3074.987619
629.750055,179,3076.18741
963.999592,258,3077.883042
510.730442,132,3078.722624
704.91238,185,3079.989181
612.846939,163,3081.091907
734.84827,189,3083.089695
605.066721,163,3118.949371
667.359705,183,3120.139296
649.742193,170,3121.195605
468.133399,132,3121.993736
733.841606,196,3123.340049
667.4577,180,3124.432903
592.614894,163,3125.5339
721.715923,202,3126.763232
716.88733,194,3128.08668
638.36831,179,3129.194548
714.574758,190,3130.483192
715.812084,192,3167.183456
575.903906,149,3168.232671
724.963396,182,3169.395246
786.235708,210,3170.771491
616.925404,171,3171.856803
626.011765,161,3172.999768
707.326513,184,3174.196289
605.891502,159,3175.356634
854.961909,236,3176.877075
714.408348,180,3178.099943
495.022071,130,3178.892741
685.095499,189,3180.171993
708.159611,180,3214.524364
681.286926,177,3215.984223
738.604239,194,3217.415275
655.63661,174,3218.669226
660.852867,169,3219.933279
623.694738,162,3221.159247
749.437294,192,3222.385728
706.156367,186,3223.789032
705.622378,189,3225.009901
621.660966,170,3226.161172
663.076979,174,3227.435823
796.581352,222,3262.923052
777.825127,202,3264.325554
710.299461,193,3265.660735
797.628223,233,3267.276851
673.739236,180,3268.472687
688.598551,175,3269.615462
713.011303,189,3270.920982
610.579591,163,3272.070574
957.210128,263,3273.829158
659.27314,181,3275.010565
561.251175,151,3276.133994
666.134574,173,3312.294404
748.062043,197,3313.674126
693.653453,197,3315.053416
661.434946,172,3316.260983
668.066182,177,3317.491166
697.798803,182,3318.779584
785.570848,209,3320.556999
728.502155,194,3322.146747
659.147929,170,3323.700698
653.17308,171,3324.916898
693.918642,182,3326.196893
708.249295,200,3361.705373
689.519493,191,3363.104073
729.968291,186,3364.380214
612.878165,154,3365.344088
597.001791,162,3366.486984
646.821911,180,3367.599869
609.917422,157,3368.677005
696.907269,175,3369.816502
755.535437,196,3371.203262
759.302749,193,3372.462536
749.84683,212,3373.993704
766.273496,197,3408.986156
815.731538,198,3410.376408
616.684019,163,3411.520447
477.885256,129,3412.562315
782.270404,202,3414.0789
757.807319,190,3415.342499
694.49042,188,3416.751839
688.518421,180,3417.950899
693.882995,185,3419.507949
674.861883,170,3420.687589
801.935461,196,3422.081513
649.670273,172,3423.411524
721.657736,278,3458.822989
715.978386,171,3459.899013
700.611599,183,3461.162889
628.993623,164,3462.242102
831.416375,210,3463.59076
682.017724,182,3464.782812
666.904436,180,3465.956631
736.139467,186,3467.196715
662.718178,171,3468.386759
719.130343,183,3469.573828
714.075105,181,3505.605211
811.878029,267,3507.399315
686.920676,174,3508.437829
834.369602,199,3509.714104
688.344122,174,3510.811613
719.961239,186,3512.041384
560.192944,148,3512.972326
801.668541,195,3514.224082
691.205139,177,3515.330249
627.851678,164,3516.403176
693.19528,180,3517.541538
744.778087,187,3552.084196
710.154285,184,3553.252696
728.252328,185,3554.472684
772.190019,195,3555.709047
761.152824,195,3557.100793
668.512895,174,3558.221934
690.145485,168,3559.473079
521.77517,142,3560.46234
678.879264,169,3561.677038
644.944868,160,3562.956109
583.66856,153,3563.939663
630.996895,163,3564.992216
629.420635,161,3598.965123
710.755204,183,3600.20305
658.500235,171,3601.282765
900.886011,236,3602.806182
785.680895,222,3604.138819
814.839074,210,3605.497125
778.800376,191,3606.643762
780.240311,197,3607.936126
666.478776,170,3608.993726
584.003531,147,3609.987318
760.88967,193,3611.198232
641.077641,166,3649.438102
586.428128,160,3650.584671
731.224553,186,3651.79522
777.938412,191,3653.188617
730.194892,188,3654.400746
714.45044,184,3655.857377
611.590943,153,3656.90905
691.834187,182,3658.201461
701.041905,184,3659.446352
739.978492,198,3660.803582
689.835606,168,3661.973489
745.106763,177,3663.138946
670.13897,169,3701.563736
716.862979,177,3702.833998
784.395698,202,3704.208282
807.913818,202,3705.647516
670.244098,173,3706.775593
612.759056,156,3707.907736
767.587506,187,3709.139313
757.994928,185,3710.48254
704.700326,182,3711.64753
789.126893,196,3713.111016
789.905094,209,3714.475024
1017.492528,292,3753.231999
778.212053,196,3754.531673
734.309447,182,3755.858817
742.742186,188,3757.089612
754.009445,185,3758.374401
680.627792,173,3759.491375
576.867986,144,3760.528953
1160.553201,436,3763.560425
864.351085,227,3765.196417
624.489926,158,3803.332399
717.114439,190,3804.659709
661.362039,171,3805.849457
771.785761,205,3807.21331
694.513594,182,3808.562586
718.109883,179,3809.723307
783.193412,189,3811.106138
772.518337,189,3812.318832
652.205538,164,3813.499008
630.178995,167,3814.605721
759.021943,191,3815.962557
580.942239,146,3853.741611
712.488737,171,3854.918093
821.737047,203,3856.357396
690.506692,167,3857.520712
650.66133,159,3858.665654
800.988928,214,3860.110687
684.780687,179,3861.473
602.708542,157,3863.242363
797.819357,202,3864.600574
757.831702,189,3865.947301
764.01514,203,3867.368317
872.545267,221,3905.589005
654.798421,160,3906.734496
690.984649,167,3907.828867
683.130115,172,3909.066146
743.589504,190,3910.29338
1000.555541,257,3912.205888
820.91149,204,3913.658122
877.141651,216,3915.164382
771.623764,202,3916.673079
785.580742,200,3917.992728
830.285374,202,3919.478677
809.917406,198,3957.735467
809.056507,203,3959.176572
790.24182,194,3960.470868
750.578617,183,3961.73399
601.401431,157,3962.748239
772.35789,191,3964.098721
682.69758,175,3965.226285
704.467523,175,3966.50481
688.717074,186,3967.723969
679.125539,175,3968.942045
791.517082,190,3970.178994
715.146921,179,4007.989913
826.674589,196,4009.363431
945.298447,226,4010.850065
800.816037,203,4012.40857
549.17526,137,4013.296624
773.136446,189,4014.672082
744.580612,177,4015.811623
780.917675,196,4017.239718
813.982455,188,4018.467752
609.432901,148,4019.504499
855.272406,212,4020.933063
529.394377,142,4058.869117
770.230357,184,4060.1523
783.446807,182,4061.387312
442.129551,121,4062.471328
735.577799,178,4063.607812
836.088471,199,4065.007552
458.782681,120,4065.830217
706.40304,172,4067.075728
787.594794,194,4068.427919
763.24539,200,4069.799128
699.221438,172,4070.946298
761.100726,186,4072.209081
729.940979,182,4110.887067
1056.592038,251,4112.636128
617.296803,173,4113.810006
831.927247,200,4115.233633
772.145211,193,4116.464551
1052.697832,265,4118.297386
1116.332287,274,4120.22326
777.613573,196,4121.516642
1033.129652,255,4123.290833
801.140402,203,4161.360861
1029.763981,260,4163.915996
805.092386,200,4165.306355
683.597844,179,4166.557774
810.374834,205,4168.000907
409.999748,112,4168.712173
739.914437,190,4170.042816
836.097256,207,4171.424159
819.12019,199,4172.851423
709.517191,185,4174.07969
657.192592,181,4175.322236
801.789795,207,4213.75492
826.087558,199,4215.121873
835.222682,196,4216.507002
768.130952,179,4217.767735
971.354526,235,4219.371346
653.049531,165,4220.561717
759.313818,203,4222.183673
837.706988,207,4225.0272
748.233641,191,4226.390172
791.572034,194,4227.723938
671.267556,171,4264.049853
582.305748,155,4265.042571
868.390006,202,4266.482394
757.000932,201,4267.803394
868.538024,211,4269.182349
801.728423,200,4270.428083
798.78909,202,4271.730148
796.725577,194,4273.054024
622.7064,164,4274.036996
778.346193,207,4275.431188
822.803807,206,4276.754673
618.266805,149,4312.206239
773.753337,176,4313.329908
850.830004,205,4314.702584
1064.284805,259,4316.551891
708.954727,185,4317.80709
709.862353,173,4319.013373
809.803386,188,4320.20866
711.501126,186,4321.464563
759.583263,196,4322.717918
797.674676,202,4324.205605
784.26932,186,4360.096014
668.735875,183,4361.456082
782.893603,193,4362.692993
834.286563,203,4364.287903
751.57833,180,4365.476812
1071.846649,276,4367.350104
879.016978,206,4368.825267
844.72298,205,4370.118369
837.102449,198,4371.510943
928.240982,226,4373.034292
874.918971,204,4408.852136
802.611741,189,4410.163283
912.732129,224,4412.07222
858.248696,200,4413.826698
1107.07324,267,4415.584498
713.779667,188,4416.94486
1084.490093,258,4418.66788
689.031534,176,4419.847491
803.156301,194,4421.181913
804.097615,203,4422.461933
817.63099,205,4458.414792
1170.223117,294,4460.581032
827.775723,199,4462.134755
796.436762,194,4463.616798
819.375159,204,4464.994257
946.339637,217,4466.498452
789.39626,193,4467.767718
967.858622,231,4469.401016
1254.223336,295,4471.437123
761.605587,177,4507.527131
1009.995023,246,4509.218971
837.011171,205,4510.531604
734.909106,185,4511.781038
1039.280404,242,4513.555829
838.71052,202,4514.944321
832.688945,204,4516.350496
981.270555,231,4517.767081
779.122454,195,4519.077598
766.943726,205,4520.516835
951.244633,226,4556.517656
1011.509468,250,4558.215025
1027.134368,262,4560.032793
1060.714899,285,4561.954226
1072.007753,257,4563.696398
809.503235,201,4565.073303
1037.697863,272,4567.049142
841.596348,209,4568.572004
844.276515,197,4605.01012
811.549682,199,4606.523407
1213.382001,318,4608.930618
1034.763285,258,4610.755026
807.898702,206,4612.110444
940.480194,230,4613.967751
1093.838851,260,4615.646842
701.651393,177,4617.33286
1052.478015,264,4619.151912
784.929145,190,4651.715549
986.997331,254,4653.548954
855.141472,209,4655.309419
739.599762,189,4657.560356
1962.902023,500,4661.595434
935.118637,232,4663.35922
820.578392,190,4664.594466
1123.740648,267,4666.390926
961.264029,235,4702.645741
726.746134,178,4704.137149
860.131553,209,4705.59132
876.713778,212,4707.035601
1343.127735,325,4709.332406
896.996598,210,4710.815779
888.622505,219,4712.605374
873.44846,210,4714.02724
956.7868,232,4715.760166
577.225466,149,4749.975556
621.627621,154,4751.191736
703.318102,164,4752.212537
826.575699,200,4753.682626
951.612891,234,4755.230429
784.860261,204,4756.589077
1180.202281,281,4758.583933
883.427687,268,4760.529784
337.641311,123,4761.331201
764.216659,193,4763.369864
693.996772,176,4764.508144
873.806783,206,4799.986345
1026.379336,238,4801.569315
712.898595,184,4802.707947
1158.510817,280,4804.666451
950.983953,254,4806.475217
785.835427,191,4807.960752
849.297364,197,4809.315171
1088.124195,258,4811.019189
672.765507,163,4812.078041
932.215054,209,4848.215175
920.37736,232,4849.858755
961.563274,234,4851.649763
1036.467541,235,4853.749355
1534.727609,382,4856.56795
719.707137,178,4857.961061
1081.737864,252,4859.60459
818.513057,198,4860.909096
1103.108981,253,4895.567383
945.788323,240,4897.145416
1108.728189,253,4898.87203
872.987966,204,4900.205323
1051.069295,239,4901.948984
918.750106,215,4903.573997
729.418403,176,4904.635264
826.694003,194,4905.985656
1086.117224,255,4907.612439
805.28249,188,4908.861827
1294.179924,317,4946.116737
907.778556,204,4947.486049
816.488867,200,4948.80619
989.509577,232,4950.271078
854.996752,213,4951.768415
883.72471,209,4953.26329
1329.301185,316,4955.248593
841.040669,205,4956.706343
954.787738,227,4991.949719
1025.693744,243,4993.37448
879.109868,215,4994.875158
1023.013437,243,4996.535891
1037.843734,255,4998.298342
792.266589,203,4999.579717
986.884337,246,5000.873803
1204.651413,301,5002.120384
1170.838013,282,5003.91053
1116.718266,258,5034.502193
710.742571,175,5035.907221
1311.416815,301,5038.0642
903.238917,236,5039.824703
1046.011184,257,5041.544019
1009.776298,242,5043.026094
1368.785721,318,5045.269552
1108.079819,253,5046.942243
813.181769,199,5082.207629
770.66383,180,5083.317922
1383.869233,337,5085.695111
568.011985,145,5086.884477
1021.045733,238,5088.631913
719.28601,182,5089.915196
739.624627,177,5091.292849
993.431575,241,5092.851217
1048.644198,266,5094.648661
782.015969,187,5130.036987
939.685869,224,5131.41596
1164.095719,260,5133.265321
861.610145,208,5134.744492
389.022679,125,5135.53347
992.812784,222,5137.572233
1121.82141,267,5139.76449
975.255138,241,5142.00633
711.842464,175,5143.403566
1377.492806,320,5179.777437
1888.966352,462,5183.334083
925.401405,215,5184.874639
1159.569072,276,5186.705188
1093.310117,265,5188.403457
959.348132,223,5190.016242
1018.164555,239,5191.719085
740.30942,176,5192.977525
858.152879,196,5228.446586
781.871198,187,5230.440768
1162.168281,277,5232.387378
1298.655367,318,5234.401316
1213.746831,279,5236.149133
1118.800767,270,5237.942906
1412.211377,331,5239.431932
1930.829487,435,5271.181022
1696.36003,376,5273.566562
1787.34293,420,5276.287607
1173.031976,283,5278.571741
1012.043819,230,5279.824965
1279.805892,338,5281.206294
1146.876304,262,5282.284118
1481.542172,330,5316.837537
713.453044,166,5318.346718
1126.596936,273,5320.787376
1075.124399,251,5322.783008
1363.119067,297,5324.678813
1222.058911,275,5325.963853
1264.126316,294,5327.709729
1043.588896,244,5358.239152
1513.292081,361,5360.376313
1026.592173,246,5361.581105
1268.174486,272,5363.637622
765.724667,201,5364.813807
1605.341896,370,5366.985748
1177.695468,285,5369.121593
1150.258517,282,5406.806871
1096.31926,266,5408.561733
1136.638488,251,5410.154202
884.104812,234,5411.579823
1165.918601,264,5413.324512
2133.504009,491,5416.456403
1294.642648,284,5418.236713
1865.045377,412,5452.895286
1131.667606,247,5454.493444
1761.954503,401,5458.342982
1013.039738,222,5459.735943
1681.277908,397,5462.284476
1468.634842,340,5464.461551
1920.089248,500,5503.84654
708.321287,167,5505.156066
1484.527005,354,5507.548904
1622.427104,408,5510.630333
782.558592,199,5511.93683
1436.204671,338,5514.373457
1321.977776,313,5516.936549
1810.218808,441,5549.45248
1897.867271,455,5552.627295
2152.313253,500,5556.279034
1080.220857,242,5558.057983
1543.230083,352,5560.545291
2129.598389,500,5601.245848
2186.745769,460,5605.726349
1283.31873,292,5608.13641
2120.288207,500,5611.809547
1820.244456,422,5651.379305
1556.697355,348,5654.173846
2042.265174,500,5658.007401
1198.739541,269,5659.874689
1320.203234,297,5661.981088
1127.740239,265,5664.31044
2096.433513,500,5703.843283
2262.811337,500,5707.355972
636.624893,168,5708.546763
448.655902,116,5709.451677
2049.959736,500,5713.005777
1767.27851,419,5716.011399
1325.014054,309,5752.671558
1309.560177,332,5755.031309
1409.755853,302,5757.075119
1559.933905,341,5759.576894
694.571054,177,5760.916111
2517.026221,498,5764.320636
1660.320462,364,5801.857801
910.495164,209,5803.627434
2064.869187,500,5806.053934
1064.461149,238,5807.120396
1298.78267,289,5808.705673
2366.91912,500,5810.906277
1537.066984,337,5837.887113
1748.484368,460,5841.492675
2230.849127,500,5846.663336
10.827741,23,5846.858317
1926.208423,421,5850.655376
2187.622713,500,5856.153438
823.046694,202,5894.572794
2031.940726,500,5898.307308
2050.759347,500,5903.410447
1842.344992,500,5907.485518
2150.711903,500,5945.402873
2191.298247,500,5949.100694
2045.036445,467,5952.801492
922.055143,215,5954.483966
431.864691,123,5956.234787
2145.136531,500,5959.675603
2234.497426,500,5996.975585
1802.636464,403,5999.873477
2062.693853,500,6003.238333
1903.493279,500,6006.600021
957.712696,223,6007.994062
1623.575,361,6045.22526
2217.597244,500,6049.148234
1421.832044,335,6051.868472
1888.28844,418,6055.321775
62.201002,36,6055.898697
2274.058329,500,6094.134081
2050.851421,500,6098.785541
1256.144123,278,6101.454001
1520.499388,335,6104.131904
2106.37719,500,6108.360351
1993.511017,500,6142.091037
2266.60264,500,6146.24991
1533.334651,326,6148.491448
2055.962939,500,6151.763919
1452.817661,370,6154.138143
1605.402881,368,6179.672208
2264.774953,500,6181.29956
2048.180042,500,6182.879971
2078.10749,500,6184.535694
1882.581881,500,6201.037989
1250.66336,267,6201.898377
2097.128369,424,6203.407864
2250.59006,500,6205.000984
359.311711,104,6205.368383
1557.705603,330,6206.47541
1760.587761,358,6222.310278
2168.952465,500,6224.001662
1855.586434,400,6225.306512
1192.34536,315,6226.324321
2231.733835,500,6228.122311
2404.008838,500,6245.286183
1173.455734,260,6246.128514
2214.286139,500,6247.746197
2195.997828,500,6249.355937
2240.259674,500,6251.041913
1664.253771,361,6268.248943
1859.757818,500,6269.946952
2115.269504,500,6271.742384
2386.281004,500,6273.377352
2206.981502,493,6292.436255
2023.470302,433,6293.938184
1862.557465,393,6295.256636
1482.808707,334,6296.372807
1233.375266,279,6297.274317
1596.030689,326,6298.333734
2300.401262,500,6314.481786
1925.352719,448,6315.836917
2232.445371,500,6317.552099
1905.633004,410,6318.922762
2321.076795,500,6335.276083
2139.920559,500,6336.842135
2157.36858,500,6338.481562
2438.414391,500,6340.072671
1506.797134,320,6355.499092
396.673946,105,6355.891134
2224.818741,500,6357.536447
2009.355908,500,6359.074067
2161.469072,500,6360.725349
913.991294,218,6361.463696
2334.256775,479,6384.652356
1235.37067,287,6385.812491
2245.713508,500,6387.7854
2311.265742,500,6389.919829
915.952292,205,6390.667697
2116.829804,500,6410.838879
2328.387602,500,6412.825847
2378.005498,474,6414.637057
349.675998,100,6415.093701
1584.753577,336,6416.36324
2083.287024,453,6435.711594
2354.333484,500,6437.428961
2357.423697,500,6439.422662
1275.028683,292,6440.618715
2602.105734,500,6442.586746
2147.456602,457,6462.457632
2378.813315,500,6464.235739
1956.343755,500,6465.892258
734.655187,185,6466.538766
2347.81427,500,6468.282406
2388.825382,500,6484.922801
2241.737987,500,6486.661149
2113.550819,412,6488.116965
1016.68126,251,6488.91013
2313.521023,500,6490.610303
2351.625659,500,6507.283601
1616.183883,341,6508.416516
1530.997331,329,6509.570323
2512.166619,500,6511.40174
2468.547118,500,6528.05733
2210.178421,500,6529.98782
2411.751327,500,6531.65872
2031.980334,500,6533.254852
2414.828042,495,6550.254735
2478.219231,500,6551.976616
2418.503866,500,6553.536047
2220.096676,500,6555.252166
2327.94616,500,6556.891214
2185.759525,500,6573.434093
2372.103765,500,6575.078487
2243.845436,500,6576.728641
2502.405262,500,6578.42585
2194.330352,500,6594.936397
2506.252506,500,6596.579633
2440.34525,500,6598.298208
2362.104953,500,6599.899112
2404.031877,500,6616.228699
2230.549757,500,6617.942155
2302.418855,500,6619.9886
2245.989249,477,6622.016841
2067.595884,500,6640.176567
2366.425019,500,6641.781919
2208.704373,500,6643.564707
2283.485732,500,6645.246732
1839.339164,416,6661.58668
2341.795028,470,6663.150119
2509.487291,500,6664.87539
2283.759568,500,6666.62718
2396.899445,500,6683.706245
759.568041,182,6684.35012
2587.653671,500,6685.990547
2514.767553,500,6687.681217
2363.812413,500,6689.35261
2332.286268,500,6705.735934
2303.590521,500,6707.585195
2294.461143,500,6709.465676
2423.353078,500,6711.142585
1548.250547,333,6727.033711
2249.85214,500,6728.729066
2527.391312,500,6730.340487
2398.422097,500,6732.323403
2286.039163,500,6733.914372
2399.210441,500,6750.607929
599.63115,157,6751.13451
2400.492271,500,6752.75712
850.456888,203,6753.382247
2353.570291,500,6755.038802
2280.281922,500,6771.268183
2516.888215,500,6772.828671
2477.30963,500,6774.486965
2405.333776,500,6776.291627
2446.204497,500,6792.655524
2367.113243,500,6794.292394
2418.025744,500,6795.971623
1974.587941,406,6797.278837
1607.148013,343,6798.512777
2527.742419,500,6816.098635
2460.436502,500,6818.068551
1953.283951,397,6819.570295
2467.684343,500,6821.152
2358.45319,459,6837.293955
2474.395554,500,6838.909034
2424.730171,500,6840.551212
49.960084,34,6840.659
2362.481938,500,6842.303664
2418.992834,500,6858.574163
2573.482612,500,6860.214325
2370.906754,500,6861.855011
2512.479091,500,6863.68139
2420.977899,500,6894.633313
2528.489357,500,6897.839332
2519.770692,500,6901.142166
2344.972154,500,6904.364237
1684.362626,335,6906.524489
2489.00874,500,6940.960038
2391.845911,500,6944.077929
1458.878336,325,6946.143467
2382.665635,500,6949.364465
2323.481731,500,6982.781719
2409.233097,500,6986.352496
2397.438355,500,6989.489006
2488.541715,500,6992.603692
1800.34122,385,7025.750606
2393.800933,500,7029.070146
1223.409812,272,7030.725317
2525.491559,500,7033.906003
2559.450673,500,7037.043202
2536.666142,500,7070.406052
1102.460733,248,7071.96574
2373.119604,500,7075.156124
2491.063041,500,7078.302775
2474.190494,500,7111.28803
2456.211006,500,7114.457748
2359.076479,500,7117.629711
2507.792287,500,7120.772997
2382.986246,500,7123.90451
2545.592914,500,7156.483145
732.867507,182,7157.634082
2443.696788,500,7160.804851
2416.318227,500,7164.203064
2438.595053,500,7197.617718
2547.386867,500,7199.392941
2483.840262,500,7201.14712
2502.566173,500,7203.037385
2496.637836,500,7219.289999
2530.392331,500,7220.878556
2506.043855,500,7222.575089
2519.435599,500,7224.255892
2473.893568,500,7240.363671
2479.836489,500,7241.946754
2580.044223,500,7243.523102
2563.145937,500,7245.042648
2353.139848,442,7246.602752
2468.287865,500,7265.239391
2510.461074,500,7266.836602
2299.255066,500,7268.503873
2492.981095,500,7270.304903
2288.521355,500,7286.831673
2475.976308,500,7288.379711
2486.364525,500,7290.195154
2521.850691,500,7291.845778
2612.339871,500,7308.317741
2243.240262,500,7310.05482
2547.797363,500,7311.660993
2491.489145,500,7313.324776
2354.095743,500,7329.607843
2538.472938,480,7331.211251
2458.021237,500,7332.837168
2372.064444,500,7334.408006
2475.579574,500,7351.036714
2539.174602,500,7352.657856
2616.28593,500,7354.24349
2493.961797,500,7355.800712
2455.558665,500,7373.24056
2467.669211,500,7374.88807
2576.987323,500,7376.637769
1334.261441,277,7377.599043
2527.250969,500,7379.295401
2617.252566,500,7395.544779
2554.383457,500,7397.163012
2624.540279,500,7398.815534
2652.542422,500,7400.425461
2375.231491,500,7416.831179
2282.260167,500,7418.383797
2486.996323,500,7420.041748
2499.749996,500,7421.78744
2480.821693,500,7438.30065
2587.664426,500,7439.918097
2455.304745,500,7441.497804
2197.395703,500,7443.167692
633.222339,175,7443.703901
426.969756,112,7458.698287
821.58445,190,7459.363831
2534.330199,500,7461.007861
2468.360664,500,7462.651695
2587.233429,500,7464.2377
